df,idx,col,old,new,memo
stay,55,다음단계,F-5-7(외국인투자기업 5억 이상 투자 후 3년) 또는 F-5 일반영주,F-5-5 (50만 달러 이상 + 국민 5인 이상 고용 고액 투자자) 또는 F-5-1 일반영주,PDF p.215 시행령 별표1의3 3호 — F-5-5가 D-8-1의 정확한 영주 경로 (F-5-7은 외국적동포 별도 지침)
stay,131,신청종류,사증발급,체류자격 변경,"PDF p.151 — E-7-4(숙련기능인력 점수제)는 체류자격 변경만 허용, 신규 비자발급 대상 아님"
visa,89,사증·체류,사증,체류,PDF p.257 — E-7-4는 신규 비자발급 대상 아닌 체류자격 변경 자격 (행 88과 일관)
visa,29,1회부여 체류기간,"2년
D-2-1~D-2-4 (전문학사~박사): 체류기간 2년 이내, 단수
D-2-5 (연구과정): 체류기간 1년 이내, 단수
D-2-6 (교환학","최대 2년 (인증대학 2년, 일반대학 1년, 비자심사강화대학 6개월)",PDF p.62-67 — D-2 1회 부여 체류기간 대학 인증 기준별 차등
visa,29,체류상한,2년,2년 (D-2 일반 상한),PDF p.62-67 — D-2 체류상한 2년 (인도국민 특례 등은 별도 행에)
stay,130,점수표,"1. 필수항목
- 소득: 연령과 연동하여 최대 45점 (9천만원 이상 + 20~29세 → 45점, 5천만원 미만 → 10점 등)
2. 학력
- ","[기본 요건] 점수 60점 이상 + 소득 GNI 1배 이상 + 첨단산업분야 종사 (제한 직종 제외)
[학력 (최대 30점)] 박사: 첨단분야 2",PDF p.293-295 E-7-S2 점수표 핵심 요약 (학력/미래기여/소득 매트릭스)
visa,78,점수표,"[표]
E-7 신 약호 구분표 (E-7-1~4, E-7-91, E-7-S, E-7-Y, E-7-T)

E-7-1: 전문인력, 관리자 및 전문가 ",해당 없음 (E-7 일반은 점수제 미적용; 점수제는 E-7-4 숙련기능인력 및 E-7-S2 첨단산업분야 종사자에만 적용),PDF p.170 — 점수제는 농림축산어업/제조/건설 등 숙련기능인력(E-7-4)에만 적용
