label,orig_row_index,column,current,suggested,rationale,verify_method,verdict
visa,2,출처,A-2 공무 / 사증발급 (p. 8~9),A-2 공무 / 사증발급 (p. 10~12),"PDF p.10에 공무(A-2) 활동범위/해당자 시작. p.11에 첨부서류, p.12에 부속내용. p.8~9는 A-1 끝부분.",grep '공 무(A-2)' /tmp/pdf_text/visa_pages/p010.txt 확인,MINOR_FIX
visa,3,비자코드,"A-3 (A-3-99 (Fulbright 협정 대상자에 대한 복수사증, 체류기간 및 유효기간은 한미교류재단 협조공한 상의 장학금 수혜기간))",A-3,"비자코드 컬럼에는 코드만, Fulbright A-3-99 상세는 신청상황·사증유효기간 컬럼으로 분리 (이미 분리되어 있음). 별도 행 분리 검토.",노션 DB 가독성 정책 결정,MINOR_FIX
visa,4,출처,B-1 사증면제 (p. 13~15),B-1 사증면제 (p. 14~21),"PDF p.13은 A-3 협정 페이지. B-1 활동범위/해당자 p.14, 체류상한·참고사항 p.15, 사증면제협정 체결국가 일람표 p.16~21.",grep '사증면제(B-1)' /tmp/pdf_text/visa_pages/p014.txt,MINOR_FIX
visa,5,출처,B-2 관광통과 (p. 21),B-2 관광통과 (p. 22~24),p.21은 B-1 사증면제협정 국가 일람표의 마지막 페이지. B-2는 p.22(매뉴얼)부터 시작하고 무사증입국 허가국가 일람표가 p.23~24에 있음.,grep '관광통과(B-2)' /tmp/pdf_text/visa_pages/p022.txt,MINOR_FIX
visa,6,출처,B-2 관광통과 / 사증발급인정서 (p. 21),B-2 관광통과 / 사증발급인정서 (p. 22),"PDF p.22 line 27에 '사증면제(B-1), 관광통과(B-2) 자격은 사증발급인정서 발급 제외대상임' 명시. 1차에서 p.15 → p.21로 정정했지만 실제 페이지는 p.22.",grep '사증발급인정서 발급 제외대상' /tmp/pdf_text/visa_pages/p022.txt,MINOR_FIX
visa,7,출처,C-1 일시취재 (p. 24),C-1 일시취재 (p. 25~26),p.24는 무사증입국 허가대상 국가 일람표(B-2). C-1 일시취재 본문은 p.25(활동범위/해당자/체류상한/사증발급/첨부서류)와 p.26(사증발급인정서)에 있음.,grep '일시취재(C-1)' /tmp/pdf_text/visa_pages/p025.txt,MINOR_FIX
visa,8,출처,C-1 일시취재 / 사증발급인정서 (p. 24),C-1 일시취재 / 사증발급인정서 (p. 25~26),PDF p.24는 B-2 무사증입국 국가표. C-1 사증발급인정서는 p.25 line 35~38(시작)과 p.26 본문에 있음.,grep '특정국가 국민' /tmp/pdf_text/visa_pages/p025.txt,MINOR_FIX
visa,9,출처,C-3 단기방문 (p. 24~26),C-3 단기방문 (p. 27~30),"p.24~26은 B-2 무사증/C-1 영역. C-3 단기방문 활동범위/해당자/체류상한 p.27, 세부 약호표 p.27~28, 전자사증 p.28, 단기일반(C-3-1) 발급대상/내용 p.29~30.",grep '단기방문(C-3)' /tmp/pdf_text/visa_pages/p027.txt,MINOR_FIX
visa,10,출처,C-3 단기방문 / 전자사증 (p. 26~27),C-3 단기방문 / 전자사증 (p. 28~29),PDF p.26~27은 C-1 사증발급인정서/C-3 단기방문 시작 페이지. 전자사증 제도 본문은 p.28(line 10~)부터 p.29 단체관광객까지.,grep '전자사증' /tmp/pdf_text/visa_pages/p028.txt,MINOR_FIX
visa,11,출처,C-3-2 단체관광 등 (p. 28),C-3-2 단체관광 등 (p. 30),p.28은 C-3 세부 약호 약식 표(C-3-1~C-3-10 분류 행)와 전자사증 시작. 단체관광(C-3-2) 발급대상/내용/서류는 p.30 line 7~28.,grep '단체관광 등(C-3-2)' /tmp/pdf_text/visa_pages/p030.txt,MINOR_FIX
visa,12,출처,C-3-4 일반상용 (p. 28~29),"C-3-4 일반상용 + 한·인도 CEPA (p. 30~31, p. 42~44)",C-3-4 일반상용 본문은 p.30 line 29~p.31. ABTC 제도 p.31. 한·인도 사증절차간소화협정 5년/3년/1년 복수사증은 p.42~44.,grep '일반상용(C-3-4)' /tmp/pdf_text/visa_pages/p030.txt,MINOR_FIX
visa,13,출처,C-3-5 협정상 일반상용 (p. 29~30),C-3-5 협정상 일반상용 (p. 31~32),PDF p.31 line 27~p.32 line 9에 협정상 일반상용(C-3-5) 본문.,grep '협정상 일반상용(C-3-5)' /tmp/pdf_text/visa_pages/p031.txt,MINOR_FIX
visa,14,출처,C-3-9 일반관광 (p. 30),C-3-9 일반관광 (p. 32),PDF p.32 line 12~33에 일반관광(C-3-9) 본문. p.30은 단체관광(C-3-2)+일반상용(C-3-4) 시작.,grep '일반관광(C-3-9)' /tmp/pdf_text/visa_pages/p032.txt,MINOR_FIX
visa,15,출처,C-3-10 순수환승 (p. 30~31),C-3-10 순수환승 (p. 32~33),PDF p.32 line 34~ p.33 line 12에 순수환승(C-3-10) 본문. 1차 자동정정(p.26→p.30~31)은 잘못된 방향이었음.,grep '순수환승(C-3-10)' /tmp/pdf_text/visa_pages/p032.txt,MINOR_FIX
visa,16,출처,C-3 단기방문 / 더블사증 (p. 30~32),C-3 단기방문 / 더블사증 (p. 33),PDF p.33 line 20~36에 '2회 유효 복수사증(더블사증) 발급지침' 본문.,grep '더블사증' /tmp/pdf_text/visa_pages/p033.txt,MINOR_FIX
visa,17,출처,"C-3 복수사증 (중국·몽골·동남아·자원외교 등, p. 32~38)","C-3 복수사증 (중국·몽골·동남아·자원외교 등, p. 33~41)","PDF p.32는 일반관광(C-3-9)/순수환승(C-3-10) 끝. 복수사증 발급지침은 p.33부터 시작. 중국 p.33~36, 몽골 p.36~38, 동남아 p.38~40, 자원외교 p.40~41. p.42부터는 결혼이민자/중국동포 등.",grep '복수사증' /tmp/pdf_text/visa_pages/p033.txt + p.41,MINOR_FIX
visa,18,출처,C-3-1 결혼이민자 및 국적취득자 가족 특례 (p. 39~40),C-3-1 결혼이민자 및 국적취득자 가족 특례 + 빈번출입국자 복수사증 (p. 41~42),PDF p.41 line 26~p.42 line 1에 결혼이민자 가족 특례(C-3-1) 발급대상/내용/제출서류 본문.,grep '결혼이민자' /tmp/pdf_text/visa_pages/p041.txt,MINOR_FIX
visa,19,출처,C-3-8 중국동포 복수사증 (p. 40),C-3-8 중국동포 복수사증 (p. 42),PDF p.42 line 2~29에 중국동포에 대한 복수사증발급(C-3-8) 본문. p.40은 몽골/베트남 복수사증 부분.,grep '중국동포' /tmp/pdf_text/visa_pages/p042.txt,MINOR_FIX
visa,20,출처,C-3-1 관광·휴양시설 투자이민자 (p. 43~44),C-3-1 관광·휴양시설 투자이민자 + 공익사업 투자외국인 (p. 46~48),"PDF p.46 line 1~p.47 line 11에 관광·휴양시설 투자이민자(C-3-1), p.47 line 12~p.48 line 50에 공익사업 투자외국인(C-3-1) 본문. p.43~44는 한·인도 사증절차간소화협정(C-3-4).",grep '관광·휴양시설 투자이민자' /tmp/pdf_text/visa_pages/p046.txt,MINOR_FIX
visa,21,출처,C-3-3 의료관광 유치기관 초청 (p. 44~47),C-3-3 의료관광 유치기관 초청 (p. 49~50),PDF p.49 line 1~46 + p.50에 의료관광 유치기관 초청(C-3-3) 본문. p.44~47은 한·인도 CEPA/투자이민자.,grep '의료관광 유치기관' /tmp/pdf_text/visa_pages/p049.txt,MINOR_FIX
visa,22,사증유효기간,"체류자격 우대기업초청 단기상용(C-3-6), 체류기간 90일, 유효기간 1년 복수사증",유효기간 1년 (복수사증),"PDF p050: '체류자격 우대기업초청 단기상용(C-3-6), 체류기간 90일, 유효기간 1년 복수사증' - 사증유효기간 컬럼에는 '유효기간 1년 복수사증'만",PDF p050 '나. 사증발급인정서 발급 내용' 직접 인용,MINOR_FIX
visa,22,1회부여 체류기간,"체류자격 우대기업초청 단기상용(C-3-6), 체류기간 90일, 유효기간 1년 복수사증",90일,PDF p050: 체류기간 = 90일,PDF p050 직접 인용,MINOR_FIX
visa,22,출처,C-3-6 우대기업 초청 (p. 47~48),p.50 (표 p.27),"C-3-6 본문은 PDF p.50, 단기방문 약호표는 p.27","grep 'C-3-6' /tmp/pdf_text/visa_pages → p027, p033, p050",MINOR_FIX
visa,23,절차,,재외공관 사증발급 신청(공관장 재량 카테고리) 또는 사증발급인정서 신청·발급(계절근로/특정국가) → 사증발급 신청·발급 → 입국,PDF p051~052에 공관장 재량 6개 카테고리와 인정서 분기 명시,"PDF p051~052 '공관장 재량으로 발급할 수 있는 사증', '사증발급인정서 발급대상' 섹션 직접 인용",MINOR_FIX
visa,23,출처,C-4 단기취업 (p. 48~49),p.51~52,C-4 활동범위·상한·공관장 재량 카테고리는 p.51~52,"grep 'C-4' /tmp/pdf_text/visa_pages → p051, p052",MINOR_FIX
visa,24,사증유효기간,"체류기간 90일 이하 복수사증
체류기간 90일 이하 단수사증",첨단기술·강의·연구·파견: 체류기간 90일 이하 복수사증 / 영어캠프·일시흥행·기타 C-4-5: 체류기간 90일 이하 단수사증,PDF p052(첨단기술 복수)와 p057~058(강의·기타 단수) 구분,PDF p052 '아래 대상자에 대한 체류기간 90일 이하의 복수사증' / p058 '체류기간 90일 이하의 단수사증' 직접 인용,MINOR_FIX
visa,24,1회부여 체류기간,"체류기간 90일 이하 복수사증
체류기간 90일 이하 단수사증",90일 이하,복수/단수는 사증유효기간 컬럼의 사증 종류 정보. 1회 체류기간은 단일,PDF p051 '1회 부여 체류기간의 상한 90일',MINOR_FIX
visa,24,출처,C-4-5 첨단기술분야 단기취업 (p. 49),p.52~58,C-4-5 공관장 재량 6개 카테고리는 p.52~058,PDF p052~058 직접 확인,MINOR_FIX
visa,25,체류상한,"C-4-1(단수, MOU 외국지자체 추천, 농업, 최대 90일)
C-4-2(단수, 결혼이민자 추천, 농업, 최대 90일)
C-4-3(단수, MOU 외국지자체 추천, 어업, 최대 90일)
C-4-4(단수, 결혼이민자 추천, 어업, 최대 90일)",90일 (C-4 상한),체류상한은 단일값. PDF p051 C-4 모표 '1회 부여 체류기간의 상한 90일',PDF p051 직접 인용,MINOR_FIX
visa,25,출처,C-4-1~4 계절근로 사증발급인정서 (p. 55~56),p.58~59,계절근로 인정서는 PDF p.58~59,"grep '계절근로' /tmp/pdf_text/visa_pages → p051, p058, p059",MINOR_FIX
visa,26,자격요건,C-4-5(계절근로외 단기취업) 활동범위 해당자 - 일시흥행·광고·패션·강의·강연·연구·기술지도·파견 등 (line 387),C-4-5(계절근로외 단기취업) 활동범위 해당자 - 일시흥행·광고·패션·강의·강연·연구·기술지도·파견 등,'(line 387)' 디버그 아티팩트 제거,문자열 직접 비교,MINOR_FIX
visa,26,출처,C-4-5 특정국가 국민 사증발급인정서 (p. 56),p.59,특정국가 인정서는 PDF p.59 하단,grep '특정국가' /tmp/pdf_text/visa_pages → p059,MINOR_FIX
visa,27,절차,,재외공관 사증발급 신청(공관장 재량) → 발급 → 입국 (한국국제교류재단·한국문화예술위원회 초청에 한함),PDF p060 공관장 재량 발급 흐름,PDF p060 '공관장 재량으로 발급할 수 있는 사증' 섹션 직접 인용,MINOR_FIX
visa,27,1회부여 체류기간,2년 (체류기간 상한); 공관장 발급은 1년 이하 단수,1년 이하 (공관장 재량 발급),체류상한 컬럼이 별도 있음. 1회 부여 체류기간은 실제 부여값 = 1년 이하 단수,PDF p060 '체류기간 1년 이하의 단수사증',MINOR_FIX
visa,27,출처,D-1 문화예술 (p. 56~57),p.60~61,D-1 본문은 PDF p.60~61,"grep '문화예술' /tmp/pdf_text/visa_pages → p060, p061",MINOR_FIX
visa,28,출처,D-1 문화예술 / 사증발급인정서 (p. 57),p.60~61,인정서 발급대상은 PDF p.60 하단~p.61,grep '사증발급인정서' /tmp/pdf_text/visa_pages/p060.txt p061.txt,OK_WITH_NOTE
visa,29,체류상한,"인도국민 D-2-1, D-2-5: 체류기간 2년, 유효기간 5년 복수 (교육기간이 5년 미만은 교육기간 동안 유효 복수)",2년,PDF p062 '1회 부여 체류기간의 상한 2년'. 인도국민 특례는 사증유효기간 컬럼으로 이동,PDF p062 직접 인용,MAJOR_ISSUE
visa,29,1회부여 체류기간,"2년
D-2-1~D-2-4 (전문학사~박사): 체류기간 2년 이내, 단수
... (전체 표 dump)",2년 (D-2 상한),1회부여 체류기간은 단일값. 발급내용 표는 사증유효기간 컬럼에 이미 있음,PDF p062 체류기간 상한 / p067 발급내용 표,MAJOR_ISSUE
visa,29,출처,D-2 유학 (p. 59),p.62~67,"D-2 활동범위·상한·세부약호는 p.62, 사증발급 일반·발급내용 표는 p.67","grep '유학' /tmp/pdf_text/visa_pages → p062, p067, p068, p069",MAJOR_ISSUE
visa,30,출처,D-2 유학 / 사증발급인정서 (p. 63),p.68,D-2 인정서 발급대상은 PDF p.68,PDF p068 '사증발급인정서 발급대상' 섹션,MINOR_FIX
visa,31,출처,D-2 유학 / 전자비자 (p. 63~64),p.68~69,전자비자 섹션은 PDF p.68 하단~p.69,grep '전자비자' /tmp/pdf_text/visa_pages → p068,OK_WITH_NOTE
visa,32,출처,D-3 기술연수 (p. 64~65),p.70,D-3 기술연수 본문은 PDF p.70,grep 'D-3' /tmp/pdf_text/visa_pages → p070,OK_WITH_NOTE
visa,33,출처,D-3 기술연수 / 사증발급인정서 (p. 65~66),p.70~72,D-3 인정서 본문·서류는 p.70~72,PDF p070~072,OK_WITH_NOTE
visa,34,출처,D-4 일반연수 (p. 67~68),p.73,D-4 일반연수 모표는 PDF p.73,PDF p073 'D-4 일반연수' 헤더,MINOR_FIX
visa,35,출처,D-4-1 어학연수 (한국어연수) (p. 68),p.73~74,D-4-1 한국어 어학연수 공관장 발급은 p.73~74,PDF p073~074,OK_WITH_NOTE
visa,36,출처,D-4-3 고등학교 이하 유학생 사증발급 (p. 68~70),p.75,21개국 외 D-4-3 사증발급은 PDF p.75,PDF p075 '2. 고등학교 이하 교육기관 유학생' 섹션,OK_WITH_NOTE
visa,37,1회부여 체류기간,체류기간 6개월 이하 단수 일반연수(D-4) 사증발급인정서,6개월 이하,1회 체류기간 단일값. 사증 종류 정보는 사증유효기간 컬럼에 보존,PDF p076 '체류기간 6개월 이하 단수 일반연수(D-4) 사증발급인정서',OK_WITH_NOTE
visa,37,출처,D-4-1 어학연수 / 사증발급인정서 (p. 70),p.75~76,D-4-1 인정서 발급대상·서류는 p.75~76,PDF p075~076,OK_WITH_NOTE
visa,38,출처,D-4-2K 기업 맞춤형 인턴십 (p. 70~71),p.76~78,D-4-2K 본문은 PDF p.76~78,PDF p076~078 '기업 맞춤형 인턴십' 섹션,OK_WITH_NOTE
visa,39,출처,D-4-3 고등학교 이하 자비유학생 사증발급인정서 (p. 71~73),p.79~81,D-4-3 인정서 본문은 PDF p.78~81,PDF p078~081 '3. 고등학교 이하 교육기관 유학생' 섹션,OK_WITH_NOTE
visa,40,1회부여 체류기간,2년 (D-4 상한 준용),(매뉴얼 별도 명시 없음 - D-4 상한 2년 내),PDF p081~083에 D-4-5 한식조리연수 발급내용 별도 명시 없음. 상한값만 표기는 오해 소지,PDF p081~083 직접 확인,MINOR_FIX
visa,40,출처,D-4-5 한식조리연수생 (p. 73~76),p.81~83,D-4-5 본문은 PDF p.81~83,PDF p081~083 '4. 한식조리연수생' 섹션,MINOR_FIX
visa,41,출처,D-4-6 우수사설 교육기관 외국인 연수 (p. 76~78),p.83~87,D-4-6 본문은 PDF p.83~87,PDF p083~087 '5. 우수사설 교육기관 외국인 연수' 섹션,OK_WITH_NOTE
visa,42,출처,D-4 그 밖의 연수 (p. 78~81),p.87,D-4 '6. 그 밖의 연수' 섹션은 PDF p.87,PDF p087 '6. 그 밖의 연수를 받고자 하는 자' 섹션,OK_WITH_NOTE
visa,43,절차,,재외공관 사증발급 신청 → 발급 → 입국 (국내 지사·지국 개설된 보도기관 파견자에 한해 공관장 재량),PDF p089 공관장 재량 발급 흐름,PDF p089 '공관장 재량으로 발급할 수 있는 사증' 섹션,MINOR_FIX
visa,43,1회부여 체류기간,2년 (체류기간 상한); 공관장 재량 발급은 1년 이하 단수사증,1년 이하 (공관장 재량 발급),체류상한 컬럼 별도 있음. 1회 부여 체류기간 = 실제 부여값,PDF p089 '체류기간 1년 이하의 단수사증',MINOR_FIX
visa,43,출처,D-5 취재 (p. 81~83),p.89~90,D-5 취재 본문은 PDF p.89~90,PDF p089~090 'D-5 취재' 섹션,MINOR_FIX
visa,66,출처,E-2 회화지도 (p. 134),E-2 회화지도 / 공관장 재량 (p. 143~146),PDF상 E-2 회화지도 본문은 p.143(활동범위)~p.146(첨부서류). 'p.134'는 E-1 영역으로 오기.,"PDF p.143 line 1 '회화지도(E-2)', p.145 line 31 'E-2-2 부여한 단수사증', p.146 line 1~6 첨부서류",MINOR_FIX
visa,67,출처,E-2 회화지도 / 사증발급인정서 (p. 137~138),E-2 회화지도 / 사증발급인정서 (p. 146~148),PDF상 E-2-1 사증발급인정서 본문은 p.146~148. 'p.137~138'은 E-1 영역으로 오기.,"PDF p.146 line 9 '사증발급인정서에 의한 회화지도(E-2) 사증발급', p.147 line 10 'E-2-1 사증발급인정서 발급'",MINOR_FIX
visa,68,출처,E-3 연구 (p. 142),E-3 연구 (p. 151~152),PDF상 E-3 연구 본문은 p.151~152. 'p.142'는 E-2 영역으로 오기.,"PDF p.151 line 1 '연구(E-3)', p.152 line 6~8 '1회 부여 체류기간의 상한 5년'",MINOR_FIX
visa,69,체류상한,"체류기간은 고용계약기간 범위 내 최장 5년, 복수사증 유효기간은 발급일로부터 체류기간과 동일",5년,E-3 자격 전체 '1회 부여 체류기간의 상한 5년' (PDF p.152 line 6~8). 사증유효기간 내용은 별도 칸으로 이미 기재됨. 체류상한 칸은 5년만.,PDF p.152 line 6~8 직접 인용 '1회 부여 체류기간의 상한 / 5년',NEEDS_REVIEW
visa,69,대상자,정부출연·방위사업·자연과학 고도기술개발 연구기관 종사 과학기술자 / 한·인도 사증절차간소화협정 관련 고용방문자(Employment visitor),(1) 자연과학·사회과학·인문학·예체능 분야의 연구·산업상 고도기술 연구개발 (특정연구기관·정부출연·과학기술 연구기관) (2) 방위사업법 규정 연구기관 종사 과학기술자 (3) 자연과학·산업상 고도기술개발 연구 (기업부설연구소·산학협력단·국공립연구기관 등) (4) 고급과학기술인력 (과학기술정보통신부 고용추천) (5) 한·인도 사증절차간소화협정 관련 고용방문자 (6) 기타 사회과학·인문학·예체능 분야 연구인력,PDF p.153~156 사증발급인정서 발급대상은 총 6개 카테고리. 현재 CSV는 3개만 포함하여 50% 누락.,"PDF p.153 line 31~42(카테고리1), p.153 line 39~p.154 line 12(카테고리2), p.154 line 33~38(카테고리3·4), p.155 line 15~32(카테고리5), p.156 line 36~40(카테고리6) 직접 확인",NEEDS_REVIEW
visa,69,출처,E-3 연구 / 사증발급인정서 (연구기관 공통) (p. 143),E-3 연구 / 사증발급인정서 (p. 153~157),PDF상 E-3 사증발급인정서 본문은 p.153~157. 'p.143'은 E-2 영역으로 오기.,"PDF p.153 line 31 '사증발급인정서 발급대상', p.157 첨부서류",NEEDS_REVIEW
visa,70,출처,E-3 연구 / 방문연구원 특례 (p. 146~148),E-3 연구 / 방문연구원 특례 (p. 157),PDF상 방문연구원 특례 본문은 p.157만. 'p.146~148'은 E-2-1 사증발급인정서 영역으로 오기.,PDF p.157 line 17 '1. 방문연구원에 대한 특례',MINOR_FIX
visa,71,출처,E-4 기술지도 (p. 148),E-4 기술지도 (p. 158),PDF상 E-4 기술지도 본문 시작은 p.158. 'p.148'은 E-2 영역으로 오기.,PDF p.158 line 1 '기술지도(E-4)',MINOR_FIX
visa,72,출처,E-4 기술지도 / 사증발급인정서 (산업상 고도기술 제공) (p. 148),E-4 기술지도 / 사증발급인정서 (p. 159),PDF상 E-4 사증발급인정서 본문은 p.159. 'p.148'은 E-2 영역으로 오기.,PDF p.159 line 1 '사증발급인정서 발급대상',MINOR_FIX
visa,73,출처,E-5 전문직업 (p. 148~151),E-5 전문직업 (p. 160~163),PDF상 E-5 전문직업 본문은 p.160~163. 'p.148~151'은 E-2 영역으로 오기.,"PDF p.160 line 40 '전문직업(E-5)', p.161 line 30~32 체류상한 5년",MINOR_FIX
visa,74,출처,E-5 전문직업 / 사증발급인정서 (p. 152),E-5 전문직업 / 사증발급인정서 (p. 163),PDF상 E-5 사증발급인정서 본문은 p.163. 'p.152'는 E-3 영역으로 오기.,PDF p.163 line 6~7 '공관장 재량으로 발급할 수 있는 경우를 제외한 모든 전문직업(E-5) 자격에 대한 사증발급은 사증발급인정서를 통해 사증발급',MINOR_FIX
visa,75,출처,E-6 예술흥행 (p. 154),E-6 예술흥행 (p. 163~164),PDF상 E-6 예술흥행 본문은 p.163~164. 'p.154'는 E-3 영역으로 오기.,"PDF p.163 line 28 '예술흥행(E-6)', p.164 line 44 '1회 부여 체류기간의 상한 / 2년'",MINOR_FIX
visa,76,출처,E-6 예술흥행 / 공관장 재량 (E-6-2 특례) (p. 154~155),E-6 예술흥행 / 공관장 재량 (E-6-2 특례) (p. 164),PDF상 E-6-2 공관장 재량 특례는 p.164. 'p.154~155'는 E-3 영역으로 오기.,PDF p.164 line 47~54 직접 인용,MINOR_FIX
visa,77,출처,E-6 예술흥행 / 사증발급인정서 (p. 155),E-6 예술흥행 / 사증발급인정서 (p. 165),PDF상 E-6 사증발급인정서 본문은 p.165. 'p.155'는 E-3 한·인도 협정 영역으로 오기.,PDF p.165 line 1 '체류기간 2년 이하의 예술흥행(E-6) 사증발급인정서 발급',MINOR_FIX
visa,78,점수표,"[표]
E-7 신 약호 구분표 (E-7-1~4, E-7-91, E-7-S, E-7-Y, E-7-T)

E-7-1: 전문인력, 관리자 및 전문가 67개 직종
E-7-2: 준전문인력, 사무·서비스종사자 10개 직종
... (생략)",,PDF p.170 line 12~22의 '신 약호 분류표'는 E-7 약호 구분 정보이며 점수제 점수표가 아님. E-7 전체 행에는 점수표가 적용되지 않음(E-7-4 숙련기능인력과 E-7-S2 첨단산업분야만 점수제 운영).,PDF p.170 line 12~22 직접 확인 - 표 제목 '신 약호 / 분류기준 / 참고'로 점수 항목 없음,NEEDS_REVIEW
visa,78,출처,E-7 특정활동 (p. 159),E-7 특정활동 (p. 169~176),PDF상 E-7 특정활동 일반 본문은 p.169~p.176. 'p.159'는 E-4 영역으로 오기.,"PDF p.169 line 1 '특정활동(E-7)', p.175~176 공관장 재량 사증",NEEDS_REVIEW
visa,79,출처,E-7 특정활동 / 사증발급인정서 공통 제출서류 (p. 166~167),E-7 특정활동 / 사증발급인정서 공통 제출서류 (p. 177~178),PDF상 E-7 사증발급인정서 공통 제출서류는 p.177~178. 'p.166~167'은 E-6 영역으로 오기.,"PDF p.177 line 4 '사증발급인정서 발급', p.177 line 31 '주무부처 고용추천 필수 직종'",MINOR_FIX
visa,80,출처,E-7 특정활동 / 한·인도 사증절차간소화협정 독립전문가 (p. 167~168),E-7 특정활동 / 한·인도 사증절차간소화협정 독립전문가 (p. 178~179),PDF상 E-7-91 한·인도 CEPA 독립전문가는 p.178~179. 'p.167~168'은 E-7 사증발급인정서 공통 영역으로 오기.,"PDF p.178 line 26 '한·인도 사증절차간소화협정', p.178 line 31~36 독립전문가 자격기준",MINOR_FIX
visa,81,출처,E-7 특정활동 / 한·러 및 한·우즈벡 한시적 근로협정 (p. 168~169),E-7 특정활동 / 한·러 및 한·우즈벡 한시적 근로협정 (p. 179),PDF상 한·러 한시적 근로협정·한·우즈벡 한시적근로협정은 모두 p.179. 'p.168~169'는 E-7 일반 영역으로 오기.,"PDF p.179 line 11 '한․러 한시적 근로활동에 관한 협정', p.179 line 26 '한 우즈벡 한시적근로협정'",MINOR_FIX
visa,82,출처,E-7-1 전문인력 / 관리자 직종 (1212~1522) 공통 심사기준 (p. 160),E-7-1 전문인력 / 관리자 직종 (1212~1522) 공통 심사기준 (p. 185~186),PDF상 E-7-1 관리자 직종 공통 심사기준은 p.185~186. 'p.160'은 E-5 영역으로 오기.,PDF p.185 line 31~37 '관리자 직종코드(1212 내지 1522)에 대한 공통 심사기준',MINOR_FIX
visa,83,출처,E-7-2 준전문인력 / 직종별 세부심사 (10개 직종) (p. 167),E-7-2 준전문인력 / 직종별 세부심사 (10개 직종) (p. 219~),PDF상 E-7-2 준전문인력 세부기준은 p.219부터. 'p.167'은 E-6 영역으로 오기.,PDF p.219 line 1 '준전문인력에 대한 세부기준',MINOR_FIX
visa,84,출처,E-7-3 일반기능인력 / 직종별 세부심사 (14개 직종) (p. 225),E-7-3 일반기능인력 / 직종별 세부심사 (14개 직종) (p. 231~),PDF상 E-7-3 일반기능인력은 p.231부터. 'p.225'는 E-7-2 영역으로 오기.,"PDF p.231 line 17 '일반 기능분야 종사자 (14개 직종, E-7-3)'",MINOR_FIX
visa,85,출처,E-7-S2 첨단산업분야 네거티브 비자 점수표 (p. 236),E-7-S2 첨단산업분야 네거티브 비자 점수표 (p. 248~250),PDF상 E-7-S2 첨단산업분야 점수표는 p.249~p.250. 'p.236'은 E-7-3 영역으로 오기.,"PDF p.249 line 15 '첨단산업 분야 네거티브 비자 점수표', p.250 점수 표",MINOR_FIX
visa,86,출처,E-7-S 네거티브 방식 전문인력 비자 (p. 234),E-7-S 네거티브 방식 전문인력 비자 (p. 247~248),PDF상 E-7-S 네거티브 방식 전문인력은 p.247~248. 'p.234'는 E-7-3 영역으로 오기.,PDF p.247 line 27 'Ⅴ. 네거티브 방식의 전문인력 비자 (E-7-S)',MINOR_FIX
visa,87,다음단계,"E-7-4 숙련 (변경), F-2-7 점수제, F-5 영주","F-2-7 점수제 거주 (1년 이상), F-5-16 점수제 영주 (3년 이상)",본 행은 E-7-S→F-2-7→F-5-16 자격변경 특례 행. E-7-4 숙련기능인력은 본 행과 무관. PDF p.248~249 흐름 정확 반영.,"PDF p.248 line 33 '점수제 거주(F-2-7) 자격변경에 대한 특례', p.248 line 45 '점수제 영주(F-5-16) 자격변경에 대한 특례'",NEEDS_REVIEW
visa,87,출처,E-7-S / 거주(F-2) 및 영주(F-5) 자격변경 특례 (p. 234~235),E-7-S / 거주(F-2) 및 영주(F-5) 자격변경 특례 (p. 248~249),PDF상 E-7-S→F-2-7/F-5-16 자격변경 특례는 p.248~249. 'p.234~235'는 E-7-3 영역으로 오기.,"PDF p.248 line 31 '거주(F-2) 및 영주(F-5) 자격 취득에 대한 특례', p.248 line 33~p.249 line 11",NEEDS_REVIEW
stay,28,1회부여 체류기간,1년 (일반대학),,"PDF says '최대 2년 범위 내' (up to 2 years max), not '1년'. CSV's '1년' is not directly supported by PDF text — should be '최대 2년 범위 내' or '2년 이내'. However, '1년' falls within the allowed range, so it's a possible value, just not the explicit ceiling stated in PDF.",,MINOR_FIX
stay,44,출처,p. 158,,Content is correct but page reference is wrong. Should be p. 105 or p. 106.,,MINOR_FIX
stay,52,다음단계,F-5-7(외국인투자기업 5억 이상 투자 후 3년) 또는 F-5 일반영주,"F-5-5 (50만 달러 이상 투자자, 국민 5인 이상 고용) 또는 F-5-1 일반영주","PDF 시행령 별표1의3 3호 (p.429-430, file p215): 'F-5-5: 50만 달러 이상 투자자로 국민 5인 이상 고용한 사람'. F-5-7은 '외국적동포로서 국적취득 요건을 갖춘 사람(별도 지침)' (별표1의3 5호). '외국인투자기업 5억 이상 투자' 라는 F-5 약호는 매뉴얼에 존재하지 않음. F-5-5 detail at p.443-4",,NEEDS_REVIEW
stay,55,다음단계,F-5-7(외국인투자기업 5억 이상 투자 후 3년) 또는 F-5 일반영주,"F-5-5 (50만 달러 이상 투자자, 국민 5인 이상 고용) 또는 F-5-1 일반영주",동일 근거. D-8-1 법인투자자도 50만달러 투자+5인 고용 요건 충족 시 F-5-5 경로. 그렇지 않으면 5년 이상 체류로 F-5-1 일반영주 경로.,,NEEDS_REVIEW
stay,58,다음단계,"F-5-5 (50만 달러 이상 투자자, 국민 5인 이상 고용) 또는 F-5-1 일반영주","F-5-24 (기술창업 D-8-4 자격으로 3억원 이상 투자금 유치 및 국민 2인 이상 고용) 또는 F-5-5 (50만 달러 이상 투자자, 국민 5인 이상 고용) 또는 F-5-1 일반영주","PDF 시행령 별표1의3 15호 (p.429-430, file p215): 'F-5-24: 기술창업(D-8-4) 자격으로 3억원 이상 투자금을 유치하고 국민 2인 이상 고용한 사람(기술창업 투자자)'. D-8-4 전용 영주 약호. p.443 (file p222)에서 'F-5-24: 투자금 유치 관련 서류, 법인등기사항 전부증명서, 사업자등록증 사본, 고용 ",,NEEDS_REVIEW
stay,60,출처,p. 41,p. 121~122,D-8-1 법인 투자 체류기간 연장 제출서류는 PDF 인쇄본 p.121-122 (file p061-p062)에 위치. p.41은 다른 비자(아마도 사증발급 일반)에 해당하는 오타로 추정.,,MINOR_FIX
stay,59,출처,p. 119,p. 117 또는 p. 117~118 (자격변경 불가 대상은 인쇄본 p.117 우측),PDF file p059 (인쇄본 p.117-118): '※ 허가의 예외(자격변경 불가 대상) : 출국 후 사증을 받아 입국하도록 안내' 표가 p.117 우측에 위치. p.119는 한 페이지 차이로 경계선 인정 가능.,,MINOR_FIX
stay,78,제한,,,"D-10-T 최우수인재 결격사유 항목 중 ⑨와 ⑩이 누락됨. PDF p073(printed 146)에는 ①~⑩ 10개 항목이 있으나 CSV는 ①~⑧ 8개만 기재. 누락된 항목: ⑨ '국내법을 위반하여 출입국관리법 제46조 제1항의 강제퇴거 대상에 해당하나, 인도적인 사유 등이 고려되어 체류 허가를 받은 사람으로, 해당 체류허가 결정일부터 5년이 경과되지 아니한 사람', ⑩ '대한민국의 안전보장과 질서유지·공공복리 기타 대한민국의 이익을 해할 우려가 있다고 출입국·외국인 관서의 장이 인정하는 사람'",,NEEDS_REVIEW
stay,79,체류상한,,,"유망인재 정의가 축약됨. PDF p079에 따르면 '➊29세 이하 해외대학 졸업자로서, ➋세계대학 순위(THE, QS) 200위 이내 학사 학위 이상 소지자 또는 한국학 관련 전공자로 한국어능력시험(TOPIK) 6급 소지자' 인데 CSV는 단지 '국내 성장 기반 외국인 청소년, 유망인재'로만 표기. 자격요건/체류상한 매칭은 정확하나 세부 정의가 누락",,OK
stay,80,출처,,p.158,"출처 'p. 32'는 잘못됨. printed p.32는 D-1(문화예술) 자격의 일반 요약표이며 D-10 외국인등록 제출서류는 PDF p079 (printed 158)에 있음. 단, 제출서류 내용 자체는 PDF p158의 '외국인등록 1.' 섹션과 일치 (신청서, 여권 및 사본 1부, 표준규격사진 1매, 체류지 입증서류, 수수료, 인턴예정기업 사업자등록증/재직증명서[D-10-3 한함])",,NEEDS_REVIEW
stay,84,출처,,p.163-164,"출처 'p. 165'는 약간 오프셋. E-1 활동범위/해당자는 printed 163-164 시작 (p082), 1회부여 체류기간 상한 5년은 p082 우측 상단. p. 163~166로 표기하는 것이 더 정확. 내용 자체는 일치",,OK
stay,85,출처,,p.163-166,출처 'p. 104'는 잘못됨. printed p.104는 D-6(종교) 자격외 활동의 회화지도(E-2) 면제범위 섹션이며 E-1 자격외 활동은 PDF p082~p083 (printed 163-166)에 있음. 회화지도(E-2) 활동 자율 허용기준 문구는 D-6 부분에서 가져왔을 가능성,,NEEDS_REVIEW
stay,88,출처,,p.170-171,"출처 'p. 41'은 잘못됨. printed p.41은 D-2(유학) 체류자격 변경 관련 한국어능력 기준 섹션이며 E-1 체류기간 연장 제출서류는 PDF p085-086 (printed 170-171)에 있음. 제출서류 내용 (신청서, 여권, 사진, 수수료, 고용계약서, 체류지 입증, 교원활용계획서 등)은 p085 우하단 + p086 상단과 일치",,NEEDS_REVIEW
stay,89,출처,,p.172,"출처 'p. 32'는 잘못됨. printed p.32는 D-1(문화예술) 자격의 일반 요약표이며 E-1 외국인등록 신청서류는 PDF p086 (printed 172)에 있음. 내용 (신청서, 여권원본, 사진, 수수료, 부가가치세법 사업자등록증, 체류지 입증서류)은 PDF p086의 외국인등록 1. 섹션과 일치",,NEEDS_REVIEW
stay,95,출처,,p.182,"출처 'p. 32'는 잘못됨. printed p.32는 D-1(문화예술) 일반 요약표이며 E-2 외국인등록 신청서류는 PDF p091 (printed 182)에 있음. 내용 (신청서, 여권원본, 사진, 수수료, 부가가치세법 사업자등록증, 채용신체검사서 밀봉 제출, 체류지 입증서류, 시·도교육감 원어민 영어보조교사 채용신체검사서 면제)은 p091과 일치",,NEEDS_REVIEW
stay,98,출처,,p.184-186,"출처 'p. 30'은 잘못됨. printed p.30 부근은 일반 사후관리 절차 섹션이며 E-3 체류자격외 활동은 PDF p092-p093 (printed 184-186)에 있음. 내용 (정규교육기관 면제, 대학 강연활동 C-4-5, E-1/E-3 상호 자격외 활동, 단기취업 C-4-5/E-7 활동, A-1/A-2 자격외 활동, A-3 자격자의 E-3, 배우자 취업, 동일 기관 내 강의)은 p092-p093과 일치",,NEEDS_REVIEW
stay,99,출처,,p.187-188,"출처 'p. 168'은 잘못됨. printed p.168은 E-1 근무처 변경·추가 사후신고제이며 E-3 근무처 변경은 PDF p094 (printed 187-188)에 있음. 내용 (자격요건, 신고절차 15일, 잔여 체류기간 +1개월 룰, 해고·중도퇴직자 D-10 변경 허용, 제출서류, 원 근무처 동의서 면제 조건)은 p094와 일치",,NEEDS_REVIEW
stay,100,출처,,p.191-192,"출처 'p. 95'는 잘못됨. printed p.95는 다른 자격 관련. E-3 재입국허가는 PDF p096 (printed 191-192)에 있음. 내용 (1년 이내 재입국 면제, 체류기간 1년 미만시 범위 내 면제, 입국규제자 방문허가, 복수재입국허가 1~2년, 사우디·이란·리비아 복수재입국제한)은 p096과 일치",,NEEDS_REVIEW
stay,101,출처,,p.192,"출처 'p. 32'는 잘못됨. printed p.32는 D-1(문화예술) 일반 요약표이며 E-3 외국인등록은 PDF p096 (printed 192)에 있음. 내용 (신청서, 여권원본, 사진, 수수료, 부가가치세법 사업자등록증, 체류지 입증서류, 외국인등록사항 변경신고 - 신고사항/기한 15일/제출서류)은 p096과 일치",,NEEDS_REVIEW
stay,102,출처,,p.191-192,출처 'p. 190'은 약간 부정확. 방문연구원 특례 섹션은 PDF p096 (printed 191-192)에 있음. p190은 E-3 일반 체류자격 변경의 마지막 부분. 'p. 191~192'가 정확함. 내용 자체는 일치,,OK
stay,103,출처,,p.193-194,"출처 'p. 190~192'는 잘못됨. printed p.190~192는 E-3 영역(방문연구원 특례 포함). E-4 활동범위/해당자는 PDF p097 (printed 193-194), E-4 자격 변경은 p098 (printed 195-196)에 있음. 'p. 193~196'이 정확함. 내용 (활동범위 공·사기관 자연과학 전문지식/산업상 특수분야 기술 제공, 해당자 외국인투자촉진법/고도기술 제공, D-2·D-10 → E-4 변경요건, 자연과학 전문지식 기술 제공자 소지자격 무관 변경허가)은 p097-p098과 일치",,NEEDS_REVIEW
