비자코드,사증·체류,문서유형,핵심내용,제출서류,예상질문,출처
A-1,사증,사증발급 / 대상,"[자격요건]
외국정부의 외교사절단이나 영사기관의 구성원 (대사, 공사, 참사관, 서기관, 총영사, 영사 등)
조약 또는 국제관행에 따라 외교사절과 동등한 특권과 면제를 받는 자 (UN 사무총장, 사무차장, 전문기구 사무국장, 국가원수, 각료, 양원의장, 정부주최 회의 외국정부 대표단 등)
상기자의 가족 (주재 외교관과 세대를 같이 하는 배우자, 자녀, 부모 등)

[체류기간/유효기간]
재임 기간","[필수서류]
사증발급신청서 (별지 제17호 서식)
여권, 표준규격사진 1매, 수수료
파견·재직 증명 서류 또는 해당국 외교부장관의 협조공한
동반가족의 경우 가족관계증명서, 출생증명서 등",,A-1 외교 / 사증발급 | 260504 사증민원 자격별 안내 매뉴얼.hwp
A-1,사증,사증발급 / 절차,"[신청 상황]
복수사증협정국가(미국, 일본, 중국, 러시아, 우즈베키스탄 등) 외교관에게는 협정에 따른 복수사증
일시 외교업무 수행자에게는 유효기간 3월 단수사증
UN 및 산하기관 주재 직원과 가족에게 체류기간 91일 이상 단수사증

[절차]
재외공관 신청, 공관장 재량으로 단수/복수사증 발급

[체류기간/유효기간]
단수사증, 복수사증 (협정국 국민) 또는 유효기간 3월",,,A-1 외교 / 공관장 재량 사증발급 | 260504 사증민원 자격별 안내 매뉴얼.hwp
A-1,사증,사증발급인정서 / 대상,"[신청 상황]
국내 소재 국제기구의 직원, 회의참석자 등에 대한 사증발급인정서 발급

[자격요건]
국내 소재 국제기구 사무국 직원, 일시방문 국제기구 직원, 가사보조인, 성년자녀 등 체류자격에 관계없이 국제기구에서 초청하려는 자

[절차]
관할 출입국·외국인청(사무소·출장소)에서 사증발급인정서 발급",,,A-1 외교 / 사증발급인정서 | 260504 사증민원 자격별 안내 매뉴얼.hwp
A-2,사증,사증발급 / 대상,"[자격요건]
외국정부 또는 국제기구의 공무를 수행하는 자: 외교사절단의 사무·기술·노무직원, 영사기관 직원, 대한민국 본부 국제기구 직원, 외국정부/국제기구 한국지사 직원, 한국 정부와 공적 업무로 파견된 자, 한국 정부 또는 국제기구 주최 회의 참가자
상기자의 가족 (동일 세대 구성원)

[체류기간/유효기간]
공무수행기간

[제한]
관용여권 또는 신분증명서 소지 (일반여권은 공무수행자/국제기구 근무자와 그 가족에 한함)","[필수서류]
사증발급신청서 (별지 제17호 서식), 여권, 표준규격사진 1매, 수수료
파견·재직 증명 서류 또는 외교부장관·소속부처 장관의 공한",,A-2 공무 / 사증발급 | 260504 사증민원 자격별 안내 매뉴얼.hwp
"A-3 (A-3-99 (Fulbright 협정 대상자에 대한 복수사증, 체류기간 및 유효기간은 한미교류재단 협조공한 상의 장학금 수혜기간))",사증,사증발급 / 대상,"[자격요건]
협정에 의해 외국인등록이 면제 또는 면제할 필요가 있다고 인정되는 자 (SOFA, Fulbright 등)
상기자의 가족

[체류기간/유효기간]
신분존속기간 또는 협정상의 체류기간","[필수서류]
사증발급신청서 (별지 제17호 서식), 여권, 표준규격사진 1매, 수수료
파견·재직 증명 서류 또는 외교부장관·소속부처 장관의 공한",,A-3 협정 / 사증발급 | 260504 사증민원 자격별 안내 매뉴얼.hwp
B-1,사증,사증발급 / 대상,"[자격요건]
대한민국과 사증면제협정을 체결한 국가의 국민으로 협정에 의한 활동을 하려는 자

[체류기간/유효기간]
협정상의 체류기간

[제한]
C-3 단기방문 활동범위 기본, 협정상 제외되는 활동은 불가
국가별 활동 범위 제한:
- 학업·취업 활동 제외: 러시아, 리투아니아
- 학업·영리 활동 제외: 도미니카공화국
- 취업·스포츠·연예활동 제외: 말레이시아
- 영리·취업·의료 활동 제외: 뉴질랜드
- 사업목적 가능: 브라질
- 제한없음: 멕시코, 네덜란드, 룩셈부르크, 벨기에, 핀란드 등",,,B-1 사증면제 | 260504 사증민원 자격별 안내 매뉴얼.hwp
