id,label,kind,size,viz_color,viz_size
code:A-1,A-1,code,69,#4d79a8,24.919871588754226
code:A-2,A-2,code,31,#4d79a8,16.703293088490064
code:A-3,A-3,code,15,#4d79a8,11.618950038622252
code:A-3-99,A-3-99,code,1,#4d79a8,5.0
code:B-1,B-1,code,170,#4d79a8,39.1152144312159
code:B-2,B-2,code,1,#4d79a8,5.0
code:C-1,C-1,code,1,#4d79a8,5.0
code:C-3,C-3,code,243,#4d79a8,46.76537180435969
code:C-3-1,C-3-1,code,8,#4d79a8,8.485281374238571
code:C-3-10,C-3-10,code,2,#4d79a8,5.0
code:C-3-11,C-3-11,code,1,#4d79a8,5.0
code:C-3-2,C-3-2,code,3,#4d79a8,5.196152422706632
code:C-3-3,C-3-3,code,3,#4d79a8,5.196152422706632
code:C-3-4,C-3-4,code,5,#4d79a8,6.708203932499369
code:C-3-5,C-3-5,code,1,#4d79a8,5.0
code:C-3-6,C-3-6,code,2,#4d79a8,5.0
code:C-3-7,C-3-7,code,1,#4d79a8,5.0
code:C-3-8,C-3-8,code,4,#4d79a8,6.0
code:C-3-9,C-3-9,code,2,#4d79a8,5.0
code:C-4,C-4,code,45,#4d79a8,20.12461179749811
code:C-4-14,C-4-14,code,1,#4d79a8,5.0
code:C-4-5,C-4-5,code,6,#4d79a8,7.348469228349534
code:D-1,D-1,code,5,#4d79a8,6.708203932499369
code:D-10,D-10,code,207,#4d79a8,43.16248370981448
code:D-10-1,D-10-1,code,17,#4d79a8,12.36931687685298
code:D-10-2,D-10-2,code,4,#4d79a8,6.0
code:D-10-3,D-10-3,code,4,#4d79a8,6.0
code:D-10-T,D-10-T,code,2,#4d79a8,5.0
code:D-2,D-2,code,473,#4d79a8,60.0
code:D-2-1,D-2-1,code,3,#4d79a8,5.196152422706632
code:D-2-1D,D-2-1D,code,2,#4d79a8,5.0
code:D-2-5,D-2-5,code,5,#4d79a8,6.708203932499369
code:D-2-6,D-2-6,code,2,#4d79a8,5.0
code:D-2-7,D-2-7,code,2,#4d79a8,5.0
code:D-2-8,D-2-8,code,2,#4d79a8,5.0
code:D-3,D-3,code,112,#4d79a8,31.74901573277509
code:D-3-1,D-3-1,code,1,#4d79a8,5.0
code:D-3-11,D-3-11,code,1,#4d79a8,5.0
code:D-3-12,D-3-12,code,1,#4d79a8,5.0
code:D-3-13,D-3-13,code,1,#4d79a8,5.0
code:D-4,D-4,code,129,#4d79a8,34.07345007480164
code:D-4-1,D-4-1,code,3,#4d79a8,5.196152422706632
code:D-4-2,D-4-2,code,1,#4d79a8,5.0
code:D-4-2K,D-4-2K,code,4,#4d79a8,6.0
code:D-4-3,D-4-3,code,3,#4d79a8,5.196152422706632
code:D-4-5,D-4-5,code,1,#4d79a8,5.0
code:D-4-6,D-4-6,code,3,#4d79a8,5.196152422706632
code:D-5,D-5,code,5,#4d79a8,6.708203932499369
code:D-6,D-6,code,24,#4d79a8,14.696938456699067
code:D-7,D-7,code,76,#4d79a8,26.153393661244046
code:D-8,D-8,code,143,#4d79a8,35.874782229304195
code:D-8-1,D-8-1,code,6,#4d79a8,7.348469228349534
code:D-8-2,D-8-2,code,2,#4d79a8,5.0
code:D-8-3,D-8-3,code,2,#4d79a8,5.0
code:D-8-4,D-8-4,code,4,#4d79a8,6.0
code:D-8-4S,D-8-4S,code,1,#4d79a8,5.0
code:D-9,D-9,code,27,#4d79a8,15.588457268119896
code:D-9-1,D-9-1,code,1,#4d79a8,5.0
code:E-1,E-1,code,119,#4d79a8,32.72613634390714
code:E-10,E-10,code,11,#4d79a8,9.9498743710662
code:E-10-1,E-10-1,code,2,#4d79a8,5.0
code:E-10-2,E-10-2,code,2,#4d79a8,5.0
code:E-10-3,E-10-3,code,2,#4d79a8,5.0
code:E-2,E-2,code,342,#4d79a8,55.47972602672078
code:E-2-1,E-2-1,code,1,#4d79a8,5.0
code:E-3,E-3,code,15,#4d79a8,11.618950038622252
code:E-4,E-4,code,6,#4d79a8,7.348469228349534
code:E-5,E-5,code,5,#4d79a8,6.708203932499369
code:E-6,E-6,code,66,#4d79a8,24.372115213907882
code:E-6-1,E-6-1,code,2,#4d79a8,5.0
code:E-6-2,E-6-2,code,3,#4d79a8,5.196152422706632
code:E-6-3,E-6-3,code,1,#4d79a8,5.0
code:E-7,E-7,code,759,#4d79a8,60.0
code:E-7-1,E-7-1,code,1,#4d79a8,5.0
code:E-7-2,E-7-2,code,1,#4d79a8,5.0
code:E-7-3,E-7-3,code,2,#4d79a8,5.0
code:E-7-4,E-7-4,code,5,#4d79a8,6.708203932499369
code:E-7-4R,E-7-4R,code,4,#4d79a8,6.0
code:E-7-S,E-7-S,code,4,#4d79a8,6.0
code:E-7-T,E-7-T,code,3,#4d79a8,5.196152422706632
code:E-7-Y,E-7-Y,code,6,#4d79a8,7.348469228349534
code:E-8,E-8,code,43,#4d79a8,19.672315572906
code:E-8-2,E-8-2,code,1,#4d79a8,5.0
code:E-8-4,E-8-4,code,1,#4d79a8,5.0
code:E-8-5,E-8-5,code,2,#4d79a8,5.0
code:E-8-6,E-8-6,code,2,#4d79a8,5.0
code:E-9,E-9,code,272,#4d79a8,49.47726750741192
code:F-1,F-1,code,134,#4d79a8,34.72751070837067
code:F-1-1,F-1-1,code,1,#4d79a8,5.0
code:F-1-11,F-1-11,code,1,#4d79a8,5.0
code:F-1-12,F-1-12,code,1,#4d79a8,5.0
code:F-1-13,F-1-13,code,2,#4d79a8,5.0
code:F-1-15,F-1-15,code,1,#4d79a8,5.0
code:F-1-16,F-1-16,code,1,#4d79a8,5.0
code:F-1-21,F-1-21,code,1,#4d79a8,5.0
code:F-1-22,F-1-22,code,2,#4d79a8,5.0
code:F-1-28,F-1-28,code,1,#4d79a8,5.0
code:F-1-5,F-1-5,code,3,#4d79a8,5.196152422706632
code:F-1-51,F-1-51,code,2,#4d79a8,5.0
code:F-1-52,F-1-52,code,2,#4d79a8,5.0
code:F-1-D,F-1-D,code,1,#4d79a8,5.0
code:F-2,F-2,code,319,#4d79a8,53.58171329847525
code:F-2-12,F-2-12,code,2,#4d79a8,5.0
code:F-2-16,F-2-16,code,1,#4d79a8,5.0
code:F-2-2,F-2-2,code,4,#4d79a8,6.0
code:F-2-4,F-2-4,code,1,#4d79a8,5.0
code:F-2-5,F-2-5,code,1,#4d79a8,5.0
code:F-2-7,F-2-7,code,8,#4d79a8,8.485281374238571
code:F-2-71,F-2-71,code,5,#4d79a8,6.708203932499369
code:F-2-8,F-2-8,code,2,#4d79a8,5.0
code:F-2-99,F-2-99,code,5,#4d79a8,6.708203932499369
code:F-2-R,F-2-R,code,8,#4d79a8,8.485281374238571
code:F-3,F-3,code,31,#4d79a8,16.703293088490064
code:F-4,F-4,code,350,#4d79a8,56.124860801609124
code:F-4-41,F-4-41,code,2,#4d79a8,5.0
code:F-4-42,F-4-42,code,2,#4d79a8,5.0
code:F-4-R,F-4-R,code,4,#4d79a8,6.0
code:F-5,F-5,code,477,#4d79a8,60.0
code:F-5-1,F-5-1,code,5,#4d79a8,6.708203932499369
code:F-5-10,F-5-10,code,3,#4d79a8,5.196152422706632
code:F-5-11,F-5-11,code,3,#4d79a8,5.196152422706632
code:F-5-12,F-5-12,code,2,#4d79a8,5.0
code:F-5-13,F-5-13,code,3,#4d79a8,5.196152422706632
code:F-5-14,F-5-14,code,1,#4d79a8,5.0
code:F-5-15,F-5-15,code,2,#4d79a8,5.0
code:F-5-16,F-5-16,code,4,#4d79a8,6.0
code:F-5-17,F-5-17,code,3,#4d79a8,5.196152422706632
code:F-5-18,F-5-18,code,2,#4d79a8,5.0
code:F-5-19,F-5-19,code,2,#4d79a8,5.0
code:F-5-2,F-5-2,code,1,#4d79a8,5.0
code:F-5-20,F-5-20,code,2,#4d79a8,5.0
code:F-5-21,F-5-21,code,3,#4d79a8,5.196152422706632
code:F-5-22,F-5-22,code,2,#4d79a8,5.0
code:F-5-23,F-5-23,code,2,#4d79a8,5.0
code:F-5-24,F-5-24,code,2,#4d79a8,5.0
code:F-5-25,F-5-25,code,3,#4d79a8,5.196152422706632
code:F-5-26,F-5-26,code,3,#4d79a8,5.196152422706632
code:F-5-27,F-5-27,code,1,#4d79a8,5.0
code:F-5-4,F-5-4,code,2,#4d79a8,5.0
code:F-5-5,F-5-5,code,4,#4d79a8,6.0
code:F-5-6,F-5-6,code,1,#4d79a8,5.0
code:F-5-7,F-5-7,code,3,#4d79a8,5.196152422706632
code:F-5-8,F-5-8,code,2,#4d79a8,5.0
code:F-5-9,F-5-9,code,3,#4d79a8,5.196152422706632
code:F-5-S1,F-5-S1,code,2,#4d79a8,5.0
code:F-5-S2,F-5-S2,code,2,#4d79a8,5.0
code:F-5-T,F-5-T,code,1,#4d79a8,5.0
code:F-6,F-6,code,392,#4d79a8,59.39696961966999
code:F-6-1,F-6-1,code,6,#4d79a8,7.348469228349534
code:F-6-2,F-6-2,code,5,#4d79a8,6.708203932499369
code:F-6-3,F-6-3,code,3,#4d79a8,5.196152422706632
code:G-1,G-1,code,59,#4d79a8,23.043437243605823
code:G-1-1,G-1-1,code,1,#4d79a8,5.0
code:G-1-10,G-1-10,code,2,#4d79a8,5.0
code:G-1-11,G-1-11,code,1,#4d79a8,5.0
code:G-1-12,G-1-12,code,1,#4d79a8,5.0
code:G-1-2,G-1-2,code,1,#4d79a8,5.0
code:G-1-4,G-1-4,code,1,#4d79a8,5.0
code:G-1-5,G-1-5,code,3,#4d79a8,5.196152422706632
code:G-1-9,G-1-9,code,1,#4d79a8,5.0
code:H-1,H-1,code,6,#4d79a8,7.348469228349534
code:H-2,H-2,code,208,#4d79a8,43.26661530556787
code:공통/무코드,공통/무코드,code,34,#4d79a8,17.492855684535904
document_bucket:공통서류,공통서류,document_bucket,601,#c45454,60.0
document_bucket:기타서류,기타서류,document_bucket,706,#c45454,60.0
document_bucket:필수서류,필수서류,document_bucket,1328,#c45454,60.0
item_type:common_rule,common_rule,item_type,57,#6d7f3f,22.64950330581225
item_type:exception,exception,item_type,221,#6d7f3f,44.598206241955516
item_type:fee,fee,item_type,218,#6d7f3f,44.294469180700204
item_type:quota,quota,item_type,26,#6d7f3f,15.297058540778353
item_type:required_documents,required_documents,item_type,472,#6d7f3f,60.0
item_type:restriction,restriction,item_type,295,#6d7f3f,51.526692111953
item_type:score_table,score_table,item_type,55,#6d7f3f,22.24859546128699
item_type:stay_status_rule,stay_status_rule,item_type,2639,#6d7f3f,60.0
item_type:visa_rule,visa_rule,item_type,1762,#6d7f3f,60.0
manual:사증민원,사증민원,manual,2311,#2f6f73,60.0
manual:체류민원,체류민원,manual,3434,#2f6f73,60.0
petition_type:근무처 변경/추가,근무처 변경/추가,petition_type,356,#b36b32,56.60388679233962
petition_type:미분류,미분류,petition_type,5,#b36b32,6.708203932499369
petition_type:사증발급,사증발급,petition_type,1296,#b36b32,60.0
petition_type:사증발급인정서,사증발급인정서,petition_type,437,#b36b32,60.0
petition_type:외국인등록,외국인등록,petition_type,899,#b36b32,60.0
petition_type:재입국허가,재입국허가,petition_type,134,#b36b32,34.72751070837067
petition_type:전자사증,전자사증,petition_type,47,#b36b32,20.56696380120313
petition_type:체류기간 연장,체류기간 연장,petition_type,247,#b36b32,47.148700936505136
petition_type:체류자격 변경,체류자격 변경,petition_type,1331,#b36b32,60.0
petition_type:체류자격 부여,체류자격 부여,petition_type,96,#b36b32,29.393876913398135
petition_type:체류자격외 활동허가,체류자격외 활동허가,petition_type,171,#b36b32,39.230090491866065
petition_type:초청,초청,petition_type,726,#b36b32,60.0
subsection_type:기간,기간,subsection_type,368,#7a5aa6,57.54997827975263
subsection_type:기타,기타,subsection_type,1799,#7a5aa6,60.0
subsection_type:대상,대상,subsection_type,1064,#7a5aa6,60.0
subsection_type:수수료,수수료,subsection_type,218,#7a5aa6,44.294469180700204
subsection_type:신고의무,신고의무,subsection_type,4,#7a5aa6,6.0
subsection_type:예외,예외,subsection_type,221,#7a5aa6,44.598206241955516
subsection_type:요건,요건,subsection_type,937,#7a5aa6,60.0
subsection_type:절차,절차,subsection_type,161,#7a5aa6,38.06573262134856
subsection_type:점수표,점수표,subsection_type,55,#7a5aa6,22.24859546128699
subsection_type:제출서류,제출서류,subsection_type,472,#7a5aa6,60.0
subsection_type:제한,제한,subsection_type,295,#7a5aa6,51.526692111953
subsection_type:추천/승인,추천/승인,subsection_type,125,#7a5aa6,33.54101966249685
subsection_type:쿼터,쿼터,subsection_type,26,#7a5aa6,15.297058540778353
