source,target,weight
subsection_type:기타,item_type:stay_status_rule,1025
subsection_type:기타,item_type:visa_rule,753
subsection_type:대상,item_type:stay_status_rule,631
subsection_type:요건,item_type:stay_status_rule,599
petition_type:체류자격 변경,subsection_type:기타,508
manual:체류민원,code:E-7,489
subsection_type:제출서류,item_type:required_documents,472
manual:체류민원,code:D-2,428
subsection_type:대상,item_type:visa_rule,419
code:E-7,petition_type:사증발급,350
subsection_type:요건,item_type:visa_rule,318
petition_type:사증발급,subsection_type:기타,318
subsection_type:제한,item_type:restriction,295
manual:체류민원,code:F-5,295
manual:사증민원,code:E-2,293
petition_type:외국인등록,subsection_type:기타,288
manual:체류민원,code:F-2,287
manual:체류민원,code:F-6,284
manual:사증민원,code:E-7,270
petition_type:사증발급,subsection_type:요건,256
petition_type:사증발급,subsection_type:대상,252
subsection_type:기간,item_type:stay_status_rule,237
subsection_type:예외,item_type:exception,221
petition_type:체류자격 변경,subsection_type:대상,221
subsection_type:수수료,item_type:fee,218
petition_type:체류자격 변경,subsection_type:요건,216
code:E-7,document_bucket:필수서류,207
petition_type:초청,subsection_type:기타,207
manual:체류민원,code:F-4,203
code:F-5,petition_type:체류자격 변경,201
manual:체류민원,code:E-9,200
code:F-6,petition_type:초청,191
petition_type:사증발급인정서,subsection_type:기타,188
manual:사증민원,code:C-3,186
manual:사증민원,code:F-5,182
petition_type:외국인등록,subsection_type:대상,174
code:H-2,petition_type:체류자격 변경,159
code:F-4,petition_type:체류자격 변경,157
code:C-3,petition_type:사증발급,149
manual:사증민원,code:F-4,147
petition_type:초청,subsection_type:대상,145
code:E-2,petition_type:사증발급,138
petition_type:근무처 변경/추가,subsection_type:기타,137
code:F-6,document_bucket:필수서류,137
code:E-7,petition_type:체류자격 변경,133
subsection_type:기간,item_type:visa_rule,129
petition_type:초청,subsection_type:요건,125
petition_type:사증발급,subsection_type:제출서류,124
code:F-2,petition_type:체류자격 변경,121
code:F-6,petition_type:외국인등록,117
manual:체류민원,code:H-2,111
manual:사증민원,code:B-1,110
petition_type:외국인등록,subsection_type:요건,109
code:F-5,petition_type:외국인등록,109
manual:사증민원,code:F-6,108
manual:체류민원,code:D-10,106
code:F-5,document_bucket:필수서류,104
manual:사증민원,code:D-10,101
petition_type:체류자격 변경,subsection_type:제한,101
code:E-2,document_bucket:필수서류,100
manual:사증민원,code:H-2,97
petition_type:초청,subsection_type:제출서류,95
code:F-4,petition_type:사증발급인정서,95
code:D-10,petition_type:초청,95
code:E-7,petition_type:근무처 변경/추가,92
code:E-9,petition_type:체류자격 변경,92
manual:체류민원,code:F-1,91
petition_type:사증발급인정서,subsection_type:대상,88
petition_type:외국인등록,subsection_type:수수료,86
code:D-2,petition_type:근무처 변경/추가,86
code:D-2,petition_type:사증발급,86
code:D-2,document_bucket:필수서류,84
subsection_type:절차,item_type:stay_status_rule,81
subsection_type:절차,item_type:visa_rule,80
code:B-1,petition_type:사증발급,80
code:F-6,document_bucket:공통서류,80
code:D-2,petition_type:외국인등록,79
petition_type:외국인등록,subsection_type:기간,78
code:F-6,document_bucket:기타서류,77
code:E-7,petition_type:외국인등록,77
code:F-2,document_bucket:필수서류,73
code:D-10,document_bucket:필수서류,73
manual:체류민원,code:D-8,72
manual:사증민원,code:E-9,72
petition_type:외국인등록,subsection_type:제출서류,72
petition_type:사증발급,subsection_type:기간,71
manual:사증민원,code:D-8,71
code:F-2,petition_type:외국인등록,70
petition_type:체류자격 변경,subsection_type:제출서류,70
manual:사증민원,code:D-4,69
petition_type:근무처 변경/추가,subsection_type:요건,67
manual:체류민원,code:E-1,66
code:E-9,petition_type:사증발급인정서,66
subsection_type:추천/승인,item_type:visa_rule,63
petition_type:체류기간 연장,subsection_type:요건,63
subsection_type:추천/승인,item_type:stay_status_rule,62
code:D-2,petition_type:사증발급인정서,61
petition_type:사증발급,subsection_type:예외,61
manual:체류민원,code:B-1,60
code:D-8,document_bucket:필수서류,60
petition_type:체류자격 변경,subsection_type:기간,60
petition_type:체류기간 연장,subsection_type:기간,60
code:E-7,document_bucket:기타서류,60
manual:체류민원,code:D-4,60
manual:사증민원,code:D-3,60
petition_type:사증발급인정서,subsection_type:요건,59
code:D-2,petition_type:체류자격 변경,57
code:E-9,petition_type:외국인등록,57
petition_type:사증발급,subsection_type:수수료,57
manual:체류민원,code:C-3,57
petition_type:근무처 변경/추가,subsection_type:대상,56
petition_type:사증발급,subsection_type:추천/승인,56
subsection_type:점수표,item_type:score_table,55
manual:체류민원,code:G-1,55
manual:사증민원,code:E-1,53
manual:체류민원,code:D-3,52
code:C-3,document_bucket:필수서류,51
code:D-10,document_bucket:기타서류,51
code:F-5,petition_type:사증발급,50
code:F-2,document_bucket:기타서류,50
manual:체류민원,code:E-2,49
code:E-2,petition_type:근무처 변경/추가,49
code:F-1,document_bucket:필수서류,47
code:D-8,petition_type:사증발급,47
code:E-2,petition_type:초청,47
petition_type:체류기간 연장,subsection_type:대상,45
manual:사증민원,code:D-2,45
manual:체류민원,code:A-1,45
code:B-1,petition_type:체류자격 변경,44
code:E-7,petition_type:초청,44
code:D-10,petition_type:체류자격 변경,43
code:D-2,petition_type:초청,43
petition_type:초청,subsection_type:제한,43
petition_type:사증발급,subsection_type:절차,43
manual:사증민원,code:F-1,43
code:E-2,document_bucket:기타서류,43
manual:사증민원,code:E-8,43
manual:체류민원,code:D-7,42
petition_type:체류자격 변경,subsection_type:예외,42
code:B-1,document_bucket:공통서류,42
code:D-10,document_bucket:공통서류,41
petition_type:체류자격외 활동허가,subsection_type:기타,41
code:D-10,petition_type:사증발급,41
code:C-3,document_bucket:공통서류,40
code:D-2,document_bucket:기타서류,40
petition_type:재입국허가,subsection_type:예외,40
code:D-8,document_bucket:기타서류,40
petition_type:체류기간 연장,subsection_type:기타,40
code:D-4,document_bucket:필수서류,39
code:E-9,document_bucket:필수서류,39
petition_type:사증발급,subsection_type:제한,39
code:F-1,document_bucket:공통서류,39
code:E-1,petition_type:사증발급,38
code:E-2,petition_type:외국인등록,38
code:D-3,petition_type:사증발급인정서,38
petition_type:외국인등록,subsection_type:제한,38
code:F-5,petition_type:근무처 변경/추가,37
code:F-4,document_bucket:필수서류,37
code:F-2,document_bucket:공통서류,37
code:C-3,document_bucket:기타서류,37
petition_type:체류자격 변경,subsection_type:수수료,37
code:F-5,document_bucket:기타서류,36
code:D-4,petition_type:초청,36
petition_type:체류자격외 활동허가,subsection_type:대상,36
manual:사증민원,code:C-4,35
code:F-1,document_bucket:기타서류,35
petition_type:체류자격 부여,subsection_type:기타,35
code:F-1,petition_type:사증발급,34
petition_type:초청,subsection_type:예외,34
manual:체류민원,code:E-6,34
manual:사증민원,code:D-7,34
petition_type:재입국허가,subsection_type:기간,34
code:F-1,petition_type:외국인등록,33
manual:사증민원,code:F-2,32
manual:사증민원,code:E-6,32
code:D-2,document_bucket:공통서류,31
code:D-3,petition_type:초청,31
code:F-5,petition_type:체류기간 연장,31
code:D-8,petition_type:외국인등록,30
code:F-1,petition_type:체류자격 변경,30
code:D-3,document_bucket:필수서류,30
code:D-2,petition_type:체류기간 연장,30
code:G-1,petition_type:외국인등록,30
code:E-1,document_bucket:필수서류,29
code:E-2,petition_type:체류자격 변경,29
petition_type:체류자격 변경,subsection_type:절차,29
code:D-4,petition_type:체류자격 변경,28
code:D-8,petition_type:체류자격 변경,27
code:F-4,document_bucket:기타서류,27
code:E-7,document_bucket:공통서류,27
petition_type:사증발급인정서,subsection_type:제한,27
code:E-6,petition_type:초청,27
subsection_type:쿼터,item_type:quota,26
code:E-8,petition_type:사증발급,26
code:E-1,petition_type:외국인등록,26
petition_type:초청,subsection_type:절차,26
petition_type:체류자격 부여,subsection_type:대상,25
code:G-1,document_bucket:기타서류,25
petition_type:재입국허가,subsection_type:기타,25
code:F-4,petition_type:체류기간 연장,25
manual:사증민원,code:D-9,25
code:D-4,document_bucket:기타서류,24
petition_type:체류자격 변경,subsection_type:점수표,24
code:F-2,petition_type:체류자격 부여,24
code:E-9,document_bucket:공통서류,24
manual:사증민원,code:A-1,24
manual:체류민원,code:D-6,24
code:G-1,document_bucket:공통서류,24
code:F-4,petition_type:외국인등록,23
code:C-4,document_bucket:필수서류,23
code:E-2,petition_type:사증발급인정서,23
code:F-5,petition_type:체류자격 부여,23
code:E-7,petition_type:사증발급인정서,23
code:E-9,document_bucket:기타서류,23
petition_type:근무처 변경/추가,subsection_type:제출서류,23
code:F-6,petition_type:사증발급,23
code:D-7,document_bucket:필수서류,22
code:D-2,petition_type:체류자격외 활동허가,22
code:B-1,petition_type:외국인등록,22
code:D-4,petition_type:사증발급,22
petition_type:외국인등록,subsection_type:예외,22
code:F-2,petition_type:체류기간 연장,22
code:E-6,petition_type:체류자격 변경,21
petition_type:체류자격 변경,subsection_type:추천/승인,21
manual:체류민원,code:A-2,21
subsection_type:기타,item_type:common_rule,21
code:A-1,petition_type:체류자격외 활동허가,21
code:D-7,petition_type:체류자격 변경,20
code:E-7,petition_type:체류기간 연장,20
petition_type:사증발급인정서,subsection_type:제출서류,20
code:D-4,document_bucket:공통서류,20
petition_type:체류자격외 활동허가,subsection_type:제출서류,20
code:D-8,document_bucket:공통서류,20
code:F-2,petition_type:근무처 변경/추가,20
subsection_type:요건,item_type:common_rule,20
code:C-3,petition_type:초청,20
code:D-9,petition_type:사증발급,20
code:F-2,petition_type:사증발급,20
code:E-1,document_bucket:기타서류,19
petition_type:사증발급인정서,subsection_type:기간,19
code:F-5,document_bucket:공통서류,19
code:C-3,petition_type:사증발급인정서,18
petition_type:체류자격 부여,subsection_type:요건,18
code:F-2,petition_type:초청,18
code:F-5,petition_type:초청,18
code:E-9,petition_type:체류기간 연장,18
petition_type:체류기간 연장,subsection_type:제출서류,18
code:D-4,petition_type:외국인등록,18
petition_type:근무처 변경/추가,subsection_type:제한,18
code:H-2,document_bucket:필수서류,17
petition_type:초청,subsection_type:기간,17
manual:체류민원,code:공통/무코드,17
code:F-3,petition_type:체류자격 변경,17
code:E-1,petition_type:재입국허가,17
code:F-4,document_bucket:공통서류,17
code:E-2,document_bucket:공통서류,17
petition_type:체류자격외 활동허가,subsection_type:요건,17
code:D-7,petition_type:사증발급,17
code:E-1,document_bucket:공통서류,17
manual:사증민원,code:공통/무코드,17
petition_type:체류자격외 활동허가,subsection_type:절차,16
manual:체류민원,code:F-3,16
code:C-4,petition_type:초청,16
code:H-2,petition_type:사증발급,16
code:공통/무코드,petition_type:체류자격 변경,16
petition_type:체류자격외 활동허가,subsection_type:기간,16
code:G-1,petition_type:체류자격외 활동허가,15
code:E-9,petition_type:재입국허가,15
petition_type:전자사증,subsection_type:제출서류,15
code:E-6,document_bucket:필수서류,15
code:D-8,petition_type:초청,15
code:A-1,document_bucket:필수서류,15
code:D-7,petition_type:초청,15
code:F-6,petition_type:재입국허가,15
code:D-4,petition_type:사증발급인정서,15
manual:체류민원,code:E-3,15
manual:사증민원,code:F-3,15
petition_type:외국인등록,subsection_type:절차,15
manual:체류민원,code:A-3,14
code:공통/무코드,document_bucket:필수서류,14
code:H-2,petition_type:외국인등록,14
code:D-3,petition_type:체류자격외 활동허가,14
subsection_type:대상,item_type:common_rule,14
code:F-2,petition_type:전자사증,14
code:C-3,petition_type:외국인등록,14
code:E-8,petition_type:초청,14
code:F-6,petition_type:체류자격외 활동허가,14
petition_type:재입국허가,subsection_type:대상,14
petition_type:사증발급,subsection_type:쿼터,14
petition_type:체류자격외 활동허가,subsection_type:제한,13
code:G-1,document_bucket:필수서류,13
petition_type:근무처 변경/추가,subsection_type:추천/승인,13
code:F-6,petition_type:체류자격 변경,13
code:C-3,petition_type:체류자격 변경,13
petition_type:초청,subsection_type:수수료,13
code:F-4,petition_type:초청,13
code:D-7,document_bucket:기타서류,13
code:A-1,petition_type:사증발급,13
code:D-3,document_bucket:기타서류,13
code:D-10,petition_type:전자사증,13
code:F-1,petition_type:초청,12
petition_type:사증발급인정서,subsection_type:절차,12
code:E-2,petition_type:체류자격외 활동허가,12
code:B-1,document_bucket:필수서류,12
code:E-7,petition_type:체류자격외 활동허가,12
code:D-7,petition_type:외국인등록,12
code:D-9,document_bucket:필수서류,12
code:H-2,document_bucket:공통서류,12
code:A-2,petition_type:체류자격외 활동허가,12
code:E-1,petition_type:체류자격 변경,12
code:A-1,document_bucket:공통서류,12
code:C-4,petition_type:사증발급,11
code:C-4,document_bucket:기타서류,11
petition_type:사증발급인정서,subsection_type:추천/승인,11
code:F-4,petition_type:전자사증,11
code:F-4,petition_type:근무처 변경/추가,11
petition_type:초청,subsection_type:추천/승인,11
code:D-10-1,petition_type:초청,11
manual:사증민원,code:E-10,11
code:공통/무코드,petition_type:사증발급,11
code:D-8,petition_type:체류자격외 활동허가,11
code:D-6,petition_type:체류자격 변경,11
code:D-7,document_bucket:공통서류,11
code:F-6,petition_type:체류기간 연장,11
petition_type:근무처 변경/추가,subsection_type:기간,10
petition_type:근무처 변경/추가,subsection_type:절차,10
code:D-3,petition_type:외국인등록,10
code:F-4,petition_type:사증발급,10
manual:체류민원,code:D-10-1,10
code:F-2,petition_type:사증발급인정서,10
petition_type:외국인등록,subsection_type:점수표,10
code:F-1,petition_type:체류기간 연장,10
code:H-2,document_bucket:기타서류,10
code:E-9,petition_type:근무처 변경/추가,10
code:E-1,petition_type:초청,10
code:C-4,petition_type:외국인등록,10
code:B-1,document_bucket:기타서류,10
manual:사증민원,code:A-2,10
code:B-1,petition_type:재입국허가,10
code:H-2,petition_type:재입국허가,10
manual:체류민원,code:C-4,10
code:A-2,document_bucket:공통서류,10
code:E-6,petition_type:사증발급,9
code:F-3,petition_type:사증발급,9
code:D-2,petition_type:재입국허가,9
petition_type:전자사증,subsection_type:기타,9
code:A-1,petition_type:외국인등록,9
code:D-3,petition_type:체류기간 연장,9
code:C-3,petition_type:체류기간 연장,9
code:A-1,petition_type:체류자격 변경,9
code:C-3,petition_type:근무처 변경/추가,9
code:B-1,petition_type:사증발급인정서,9
code:D-7,petition_type:체류기간 연장,8
code:A-2,document_bucket:필수서류,8
manual:체류민원,code:F-2-R,8
petition_type:사증발급인정서,subsection_type:예외,8
petition_type:재입국허가,subsection_type:제출서류,8
petition_type:전자사증,subsection_type:대상,8
code:D-9,document_bucket:기타서류,8
code:C-3-1,petition_type:사증발급,7
code:A-2,document_bucket:기타서류,7
petition_type:초청,subsection_type:점수표,7
code:C-3,petition_type:재입국허가,7
manual:사증민원,code:C-3-1,7
manual:사증민원,code:D-10-1,7
petition_type:체류기간 연장,subsection_type:제한,7
code:D-6,petition_type:체류기간 연장,7
code:C-4,document_bucket:공통서류,7
code:E-9,petition_type:사증발급,7
code:F-5,petition_type:재입국허가,7
code:E-10,document_bucket:필수서류,7
code:D-3,document_bucket:공통서류,7
code:A-3,document_bucket:필수서류,7
petition_type:체류기간 연장,subsection_type:수수료,6
code:A-2,petition_type:외국인등록,6
code:D-8,petition_type:사증발급인정서,6
code:E-9,petition_type:체류자격외 활동허가,6
code:E-6,document_bucket:기타서류,6
code:F-3,document_bucket:필수서류,6
code:F-3,document_bucket:기타서류,6
code:A-3,petition_type:체류자격 변경,6
petition_type:외국인등록,subsection_type:추천/승인,6
manual:체류민원,code:H-1,6
code:D-9,document_bucket:공통서류,6
petition_type:근무처 변경/추가,subsection_type:쿼터,6
petition_type:근무처 변경/추가,subsection_type:수수료,6
code:H-1,petition_type:재입국허가,6
code:A-2,petition_type:사증발급,6
code:A-3,document_bucket:공통서류,6
code:E-3,petition_type:외국인등록,6
manual:체류민원,code:E-4,6
code:E-6,document_bucket:공통서류,6
manual:체류민원,code:F-2-7,6
code:E-10,petition_type:사증발급인정서,6
code:F-1,petition_type:근무처 변경/추가,5
code:H-2,petition_type:체류기간 연장,5
code:공통/무코드,document_bucket:기타서류,5
petition_type:전자사증,subsection_type:절차,5
code:E-3,petition_type:체류자격 변경,5
code:E-1,petition_type:체류자격외 활동허가,5
code:B-1,petition_type:초청,5
code:E-4,petition_type:외국인등록,5
code:A-1,document_bucket:기타서류,5
code:G-1,petition_type:재입국허가,5
petition_type:근무처 변경/추가,subsection_type:점수표,5
code:A-1,petition_type:초청,5
code:D-3,petition_type:체류자격 변경,5
code:C-4,petition_type:사증발급인정서,5
code:D-10,petition_type:외국인등록,5
petition_type:체류자격 부여,subsection_type:제출서류,5
manual:체류민원,code:F-6-1,5
code:D-10-1,petition_type:체류자격 변경,5
code:F-3,petition_type:외국인등록,5
petition_type:재입국허가,subsection_type:요건,5
manual:체류민원,code:F-5-1,5
manual:체류민원,code:E-5,5
manual:체류민원,code:F-2-99,5
manual:체류민원,code:F-5-5,4
code:D-8,petition_type:재입국허가,4
code:A-1,petition_type:재입국허가,4
petition_type:체류자격 부여,subsection_type:제한,4
code:E-5,petition_type:외국인등록,4
code:A-1,petition_type:체류기간 연장,4
manual:체류민원,code:C-3-4,4
manual:체류민원,code:E-7-Y,4
manual:체류민원,code:F-5-16,4
manual:사증민원,code:G-1,4
code:D-6,document_bucket:필수서류,4
manual:체류민원,code:D-10-3,4
code:공통/무코드,document_bucket:공통서류,4
code:E-2,petition_type:체류기간 연장,4
manual:체류민원,code:D-2-5,4
code:D-10-2,petition_type:체류자격 변경,4
manual:사증민원,code:D-1,4
code:D-10,petition_type:사증발급인정서,4
code:E-7,petition_type:체류자격 부여,4
code:E-7,petition_type:재입국허가,4
code:D-10,petition_type:재입국허가,4
manual:체류민원,code:D-8-1,4
code:A-1,petition_type:사증발급인정서,4
manual:체류민원,code:E-7-4R,4
petition_type:근무처 변경/추가,subsection_type:예외,4
code:F-4,petition_type:체류자격 부여,4
code:G-1,petition_type:사증발급인정서,4
petition_type:사증발급,subsection_type:점수표,4
code:D-4,petition_type:재입국허가,4
code:F-1,petition_type:재입국허가,4
code:F-2-71,petition_type:사증발급인정서,4
petition_type:체류자격외 활동허가,subsection_type:예외,4
petition_type:체류자격외 활동허가,subsection_type:수수료,4
subsection_type:신고의무,item_type:stay_status_rule,4
petition_type:체류기간 연장,subsection_type:예외,4
manual:사증민원,code:F-1-5,3
manual:체류민원,code:E-7-4,3
code:G-1-5,petition_type:체류자격외 활동허가,3
code:F-2-7,petition_type:외국인등록,3
manual:체류민원,code:F-2-71,3
manual:체류민원,code:F-6-2,3
manual:체류민원,code:F-5-9,3
code:A-2,petition_type:초청,3
code:F-6,petition_type:근무처 변경/추가,3
manual:체류민원,code:F-5-10,3
manual:체류민원,code:F-5-11,3
manual:체류민원,code:F-5-13,3
code:D-8,petition_type:근무처 변경/추가,3
code:D-1,petition_type:사증발급,3
manual:체류민원,code:D-5,3
code:A-3,petition_type:체류자격외 활동허가,3
code:E-3,petition_type:사증발급인정서,3
code:E-6,petition_type:재입국허가,3
code:E-10,petition_type:사증발급,3
code:E-6,petition_type:사증발급인정서,3
code:E-5,document_bucket:기타서류,3
code:E-4,document_bucket:기타서류,3
code:F-2-99,petition_type:체류자격 변경,3
code:C-4-5,document_bucket:필수서류,3
manual:체류민원,code:C-4-5,3
code:D-2-1,petition_type:사증발급,3
code:C-4-5,petition_type:외국인등록,3
code:E-8,document_bucket:필수서류,3
code:F-5-5,petition_type:외국인등록,3
code:C-3,petition_type:전자사증,3
manual:체류민원,code:F-5-21,3
manual:체류민원,code:F-5-17,3
manual:사증민원,code:E-7-S,3
code:C-3-4,petition_type:체류자격 변경,3
code:F-4-R,petition_type:체류자격 변경,3
petition_type:초청,subsection_type:쿼터,3
petition_type:전자사증,subsection_type:제한,3
petition_type:재입국허가,subsection_type:수수료,3
manual:체류민원,code:G-1-5,3
manual:사증민원,code:C-4-5,3
code:E-1,petition_type:체류기간 연장,3
manual:체류민원,code:F-4-R,3
petition_type:체류자격외 활동허가,subsection_type:추천/승인,3
code:D-4,petition_type:체류기간 연장,3
code:D-3,petition_type:사증발급,3
manual:사증민원,code:D-2-1,3
petition_type:미분류,subsection_type:기타,3
code:D-9,petition_type:사증발급인정서,3
code:D-6,document_bucket:기타서류,3
code:D-6,petition_type:체류자격외 활동허가,3
code:D-2-5,petition_type:체류기간 연장,3
code:F-6,petition_type:사증발급인정서,3
code:E-1,petition_type:사증발급인정서,3
manual:체류민원,code:F-5-25,3
code:공통/무코드,petition_type:미분류,3
manual:체류민원,code:F-5-26,3
code:공통/무코드,petition_type:체류자격외 활동허가,3
code:F-2-R,petition_type:외국인등록,3
code:E-8,document_bucket:공통서류,2
code:E-8,petition_type:체류자격 부여,2
petition_type:전자사증,subsection_type:수수료,2
manual:사증민원,code:F-6-2,2
code:F-5-9,petition_type:외국인등록,2
manual:사증민원,code:F-2-71,2
code:F-5-20,petition_type:체류자격 부여,2
code:F-5-21,petition_type:체류자격 부여,2
manual:사증민원,code:C-3-8,2
code:F-1-13,petition_type:체류자격 변경,2
code:H-2,petition_type:근무처 변경/추가,2
petition_type:전자사증,subsection_type:기간,2
code:G-1,petition_type:체류자격 변경,2
code:F-1-5,petition_type:사증발급,2
code:E-7-4R,petition_type:외국인등록,2
code:F-1-22,petition_type:초청,2
code:E-6,petition_type:외국인등록,2
petition_type:전자사증,subsection_type:요건,2
code:F-6-2,petition_type:사증발급,2
code:E-7-4,petition_type:근무처 변경/추가,2
code:F-6-2,petition_type:체류자격 변경,2
code:E-7-Y,petition_type:근무처 변경/추가,2
code:F-2-99,document_bucket:공통서류,2
code:F-2-R,petition_type:체류자격 변경,2
code:F-2-2,petition_type:사증발급,2
manual:사증민원,code:D-5,2
code:H-2,petition_type:초청,2
code:D-2-8,petition_type:사증발급,2
code:F-5-25,petition_type:외국인등록,2
manual:사증민원,code:D-2-6,2
code:F-5-26,petition_type:외국인등록,2
code:F-4-42,petition_type:체류자격 변경,2
manual:사증민원,code:E-7-Y,2
code:G-1,petition_type:체류기간 연장,2
manual:사증민원,code:E-7-4,2
manual:사증민원,code:C-3-3,2
code:F-3,document_bucket:공통서류,2
code:F-4-41,document_bucket:필수서류,2
manual:사증민원,code:D-10-2,2
code:F-4-42,document_bucket:공통서류,2
code:F-2-7,petition_type:체류자격 변경,2
manual:사증민원,code:D-4-1,2
manual:사증민원,code:D-2-8,2
manual:사증민원,code:D-8-4,2
manual:사증민원,code:D-8-3,2
manual:사증민원,code:D-8-1,2
code:F-4-42,document_bucket:필수서류,2
manual:사증민원,code:D-4-2K,2
code:F-2-7,document_bucket:필수서류,2
code:E-7-T,petition_type:근무처 변경/추가,2
manual:사증민원,code:F-2-2,2
code:F-6-1,petition_type:사증발급,2
code:F-2-R,document_bucket:필수서류,2
code:D-2-7,petition_type:초청,2
manual:사증민원,code:D-4-3,2
manual:사증민원,code:F-1-22,2
code:F-2-R,petition_type:체류기간 연장,2
code:F-1,petition_type:체류자격 부여,2
manual:사증민원,code:E-10-3,2
code:F-6-1,petition_type:체류기간 연장,2
code:F-4-41,petition_type:체류자격 변경,2
code:F-6-1,petition_type:외국인등록,2
manual:사증민원,code:E-10-2,2
manual:사증민원,code:E-10-1,2
manual:사증민원,code:E-8-6,2
manual:사증민원,code:E-8-5,2
code:C-3-8,petition_type:사증발급,2
manual:사증민원,code:F-2-7,2
code:F-1,petition_type:사증발급인정서,2
code:D-7,petition_type:사증발급인정서,2
manual:체류민원,code:E-7-T,2
manual:체류민원,code:D-8-4,2
manual:체류민원,code:F-5-4,2
manual:체류민원,code:F-2-12,2
manual:체류민원,code:F-2-8,2
manual:체류민원,code:F-2-2,2
manual:체류민원,code:F-1-52,2
manual:체류민원,code:D-2-7,2
manual:체류민원,code:E-6-2,2
manual:체류민원,code:D-10-T,2
code:F-6,petition_type:체류자격 부여,2
code:D-2-1D,petition_type:외국인등록,2
manual:체류민원,code:D-10-2,2
code:D-4,petition_type:체류자격외 활동허가,2
manual:체류민원,code:F-5-12,2
code:D-4-6,petition_type:초청,2
code:D-3,petition_type:근무처 변경/추가,2
manual:체류민원,code:D-4-2K,2
code:D-4-2K,document_bucket:필수서류,2
manual:체류민원,code:D-4-6,2
code:D-5,petition_type:체류자격 변경,2
manual:체류민원,code:D-2-1D,2
code:D-5,petition_type:사증발급,2
code:E-2,petition_type:전자사증,2
code:D-6,petition_type:외국인등록,2
code:D-6,document_bucket:공통서류,2
manual:체류민원,code:F-5-7,2
manual:체류민원,code:F-5-15,2
code:D-8-1,petition_type:체류자격 변경,2
petition_type:미분류,subsection_type:제출서류,2
petition_type:체류기간 연장,subsection_type:추천/승인,2
code:A-2,petition_type:재입국허가,2
petition_type:재입국허가,subsection_type:제한,2
code:A-3,petition_type:재입국허가,2
code:C-4,petition_type:체류자격외 활동허가,2
code:A-3,petition_type:외국인등록,2
code:A-3,document_bucket:기타서류,2
subsection_type:기간,item_type:common_rule,2
petition_type:체류자격 변경,subsection_type:쿼터,2
code:E-1,petition_type:근무처 변경/추가,2
code:D-9,petition_type:초청,2
manual:체류민원,code:C-3-8,2
manual:체류민원,code:F-5-18,2
manual:체류민원,code:F-6-3,2
manual:체류민원,code:F-5-8,2
manual:체류민원,code:F-5-24,2
code:C-3-3,petition_type:사증발급인정서,2
manual:체류민원,code:F-5-23,2
manual:체류민원,code:F-5-22,2
petition_type:사증발급인정서,subsection_type:점수표,2
petition_type:사증발급인정서,subsection_type:수수료,2
manual:체류민원,code:F-5-20,2
manual:체류민원,code:F-5-19,2
code:C-3-6,petition_type:초청,2
manual:체류민원,code:D-9,2
petition_type:체류기간 연장,subsection_type:절차,2
petition_type:체류자격 부여,subsection_type:예외,2
code:E-4,document_bucket:필수서류,2
code:C-4-5,petition_type:사증발급,2
code:E-3,document_bucket:기타서류,2
manual:체류민원,code:C-3-2,2
code:D-10-3,petition_type:초청,2
code:D-10-3,petition_type:체류자격 변경,2
petition_type:체류자격 부여,subsection_type:점수표,2
petition_type:체류자격 부여,subsection_type:절차,2
petition_type:체류자격 부여,subsection_type:수수료,2
code:D-8-4,petition_type:사증발급,2
code:E-3,document_bucket:필수서류,2
code:D-3-1,petition_type:사증발급인정서,1
manual:체류민원,code:G-1-2,1
manual:체류민원,code:G-1-9,1
code:A-2,petition_type:체류기간 연장,1
manual:사증민원,code:G-1-10,1
manual:사증민원,code:C-3-4,1
manual:체류민원,code:G-1-10,1
code:F-4-R,petition_type:외국인등록,1
manual:사증민원,code:C-3-11,1
manual:사증민원,code:C-3-2,1
manual:사증민원,code:C-3-10,1
manual:사증민원,code:C-3-9,1
manual:체류민원,code:G-1-11,1
manual:체류민원,code:G-1-4,1
code:E-10,document_bucket:공통서류,1
manual:체류민원,code:F-4-41,1
manual:체류민원,code:F-4-42,1
manual:체류민원,code:F-1-11,1
manual:사증민원,code:C-1,1
manual:사증민원,code:C-3-6,1
manual:체류민원,code:G-1-1,1
petition_type:외국인등록,subsection_type:신고의무,1
manual:체류민원,code:G-1-12,1
code:E-10-2,petition_type:사증발급,1
code:E-10-2,document_bucket:필수서류,1
manual:사증민원,code:D-4-6,1
manual:사증민원,code:D-4-5,1
code:D-3-13,petition_type:사증발급인정서,1
code:A-2,petition_type:사증발급인정서,1
code:E-10-3,petition_type:사증발급인정서,1
code:E-10-3,petition_type:사증발급,1
code:E-10-3,document_bucket:필수서류,1
manual:체류민원,code:C-3-5,1
manual:사증민원,code:D-2-5,1
manual:체류민원,code:C-3-3,1
manual:체류민원,code:F-5-27,1
code:D-3-12,petition_type:사증발급인정서,1
manual:체류민원,code:F-5-2,1
manual:사증민원,code:C-4-14,1
code:E-10,petition_type:초청,1
manual:사증민원,code:B-2,1
manual:체류민원,code:F-5-S1,1
manual:사증민원,code:A-3,1
manual:체류민원,code:F-5-S2,1
code:F-1-11,document_bucket:기타서류,1
code:F-1-11,petition_type:체류자격 변경,1
code:E-7-4R,document_bucket:기타서류,1
code:E-7-4R,document_bucket:공통서류,1
code:E-7-4R,petition_type:체류자격 변경,1
code:E-7-4R,petition_type:초청,1
petition_type:근무처 변경/추가,subsection_type:신고의무,1
code:F-4,petition_type:체류자격외 활동허가,1
petition_type:체류자격외 활동허가,subsection_type:점수표,1
code:F-2-R,document_bucket:기타서류,1
code:F-2-R,document_bucket:공통서류,1
manual:체류민원,code:A-3-99,1
code:F-2-R,petition_type:초청,1
code:F-1-15,petition_type:초청,1
code:F-1-12,petition_type:사증발급인정서,1
code:C-4,petition_type:전자사증,1
petition_type:재입국허가,subsection_type:신고의무,1
code:F-1-5,petition_type:초청,1
petition_type:재입국허가,subsection_type:절차,1
code:E-1,petition_type:체류자격 부여,1
code:D-3-11,petition_type:사증발급인정서,1
code:공통/무코드,petition_type:근무처 변경/추가,1
code:E-10,petition_type:체류자격 변경,1
code:F-5-S2,petition_type:체류기간 연장,1
code:E-10-2,petition_type:사증발급인정서,1
code:F-5-S2,petition_type:외국인등록,1
code:F-4-R,document_bucket:필수서류,1
code:F-5-S1,petition_type:사증발급,1
code:F-5-S1,petition_type:외국인등록,1
code:E-1,petition_type:전자사증,1
code:D-9,petition_type:미분류,1
petition_type:전자사증,subsection_type:추천/승인,1
code:D-9,petition_type:체류자격 변경,1
code:F-1-21,petition_type:사증발급인정서,1
petition_type:재입국허가,subsection_type:추천/승인,1
code:E-1,petition_type:미분류,1
manual:체류민원,code:C-3-1,1
code:D-2-6,petition_type:사증발급,1
manual:사증민원,code:D-8-4S,1
manual:사증민원,code:D-8-2,1
manual:사증민원,code:F-4-41,1
manual:사증민원,code:F-5-S2,1
code:E-2-1,petition_type:사증발급인정서,1
manual:사증민원,code:F-5-S1,1
manual:사증민원,code:F-5-T,1
manual:체류민원,code:D-4-1,1
manual:사증민원,code:F-5-7,1
manual:사증민원,code:F-4-R,1
manual:사증민원,code:F-4-42,1
code:E-6-3,petition_type:초청,1
code:E-10-1,document_bucket:필수서류,1
manual:사증민원,code:D-3-13,1
manual:사증민원,code:D-3-12,1
manual:사증민원,code:D-3-11,1
manual:사증민원,code:D-3-1,1
manual:사증민원,code:F-6-3,1
code:E-7-1,petition_type:근무처 변경/추가,1
manual:체류민원,code:D-4-3,1
manual:사증민원,code:F-6-1,1
code:D-8-4S,petition_type:사증발급,1
code:B-2,petition_type:사증발급,1
code:C-1,petition_type:사증발급,1
code:C-3-11,petition_type:사증발급,1
code:D-2-8,document_bucket:필수서류,1
manual:체류민원,code:C-3-6,1
code:D-2-1,document_bucket:필수서류,1
manual:체류민원,code:C-3-7,1
code:D-2-6,document_bucket:필수서류,1
code:C-4-14,petition_type:사증발급인정서,1
code:E-8,document_bucket:기타서류,1
code:D-2-6,document_bucket:기타서류,1
manual:체류민원,code:C-3-9,1
code:D-4-5,petition_type:사증발급인정서,1
code:D-4-5,document_bucket:필수서류,1
manual:체류민원,code:C-3-10,1
manual:체류민원,code:D-1,1
code:E-8,petition_type:사증발급인정서,1
code:D-8-3,petition_type:사증발급,1
code:D-8-3,petition_type:초청,1
manual:체류민원,code:D-4-2,1
manual:체류민원,code:D-8-2,1
manual:체류민원,code:D-9-1,1
manual:사증민원,code:F-1-12,1
manual:사증민원,code:E-7-T,1
manual:사증민원,code:E-7-2,1
manual:사증민원,code:E-7-1,1
manual:체류민원,code:F-1-1,1
code:E-8-6,petition_type:체류자격 부여,1
code:E-8-6,petition_type:사증발급인정서,1
manual:체류민원,code:F-2-16,1
manual:사증민원,code:E-6-3,1
manual:사증민원,code:E-6-2,1
manual:사증민원,code:E-6-1,1
manual:체류민원,code:F-2-4,1
manual:사증민원,code:E-2-1,1
manual:체류민원,code:F-2-5,1
code:E-10-1,petition_type:사증발급인정서,1
manual:체류민원,code:F-5-6,1
code:E-10-1,petition_type:사증발급,1
code:D-2-6,petition_type:초청,1
manual:체류민원,code:F-5-14,1
manual:사증민원,code:E-7-3,1
manual:체류민원,code:F-1-D,1
code:E-7-2,petition_type:근무처 변경/추가,1
manual:사증민원,code:E-8-2,1
code:E-8-2,petition_type:체류자격 부여,1
code:E-8-4,petition_type:체류자격 부여,1
manual:체류민원,code:E-6-1,1
manual:사증민원,code:F-1-15,1
manual:사증민원,code:F-1-51,1
code:E-8-5,petition_type:체류자격 부여,1
manual:체류민원,code:E-7-3,1
manual:사증민원,code:F-1-21,1
manual:체류민원,code:E-7-S,1
manual:사증민원,code:F-1-13,1
code:E-8-5,petition_type:사증발급인정서,1
code:A-3-99,petition_type:초청,1
manual:체류민원,code:F-1-13,1
manual:체류민원,code:F-1-16,1
manual:체류민원,code:F-1-28,1
manual:체류민원,code:F-1-51,1
manual:사증민원,code:E-8-4,1
code:E-6,petition_type:근무처 변경/추가,1
code:F-6-3,petition_type:외국인등록,1
code:C-3-8,petition_type:초청,1
code:D-4-3,petition_type:체류기간 연장,1
code:D-4-6,document_bucket:필수서류,1
code:D-4-1,petition_type:체류기간 연장,1
code:D-4-1,petition_type:사증발급,1
code:D-4-1,petition_type:사증발급인정서,1
code:D-4-2K,petition_type:체류기간 연장,1
code:F-5,petition_type:체류자격외 활동허가,1
code:D-4-2K,petition_type:외국인등록,1
code:D-4-2K,petition_type:사증발급인정서,1
code:D-4-2K,petition_type:초청,1
code:D-4-2K,document_bucket:공통서류,1
code:D-4-3,document_bucket:필수서류,1
code:D-4,petition_type:근무처 변경/추가,1
code:D-4-3,petition_type:사증발급,1
code:D-4-3,petition_type:사증발급인정서,1
code:D-5,petition_type:체류자격외 활동허가,1
code:F-5-16,petition_type:근무처 변경/추가,1
code:F-5-16,petition_type:외국인등록,1
code:F-5-16,petition_type:체류자격 부여,1
code:F-5-16,petition_type:체류자격 변경,1
code:D-5,document_bucket:공통서류,1
code:D-5,document_bucket:필수서류,1
code:D-5,document_bucket:기타서류,1
code:D-4-6,petition_type:체류기간 연장,1
code:G-1,petition_type:사증발급,1
code:A-3-99,document_bucket:공통서류,1
code:F-1-16,petition_type:체류자격 변경,1
code:F-2-2,document_bucket:기타서류,1
code:F-2-2,document_bucket:공통서류,1
code:F-2-2,petition_type:외국인등록,1
code:F-2-2,petition_type:체류자격 변경,1
code:F-1-D,petition_type:외국인등록,1
code:F-1-52,petition_type:체류기간 연장,1
code:F-1-52,petition_type:체류자격 변경,1
code:F-1-51,petition_type:사증발급,1
code:F-1-51,petition_type:체류자격 변경,1
code:F-1-28,petition_type:외국인등록,1
petition_type:사증발급,subsection_type:신고의무,1
code:F-1,petition_type:체류자격외 활동허가,1
code:F-1,petition_type:전자사증,1
code:D-1,petition_type:체류자격 변경,1
code:D-1,petition_type:사증발급인정서,1
code:D-1,document_bucket:공통서류,1
code:D-1,document_bucket:필수서류,1
code:D-1,document_bucket:기타서류,1
code:D-2-5,petition_type:외국인등록,1
code:D-2-5,petition_type:초청,1
code:D-2-5,document_bucket:기타서류,1
code:D-4-2,petition_type:외국인등록,1
code:D-6,petition_type:근무처 변경/추가,1
code:D-7,petition_type:체류자격 부여,1
code:D-7,petition_type:체류자격외 활동허가,1
code:E-7-4,petition_type:체류자격 변경,1
code:E-7-Y,petition_type:초청,1
code:E-7-Y,petition_type:체류자격외 활동허가,1
code:E-7-Y,petition_type:체류자격 변경,1
code:E-7-Y,petition_type:외국인등록,1
code:E-7-S,petition_type:체류자격 변경,1
code:E-7-S,petition_type:근무처 변경/추가,1
code:E-7-S,petition_type:초청,1
code:E-7-S,petition_type:외국인등록,1
code:E-7-4,petition_type:초청,1
code:E-4,petition_type:근무처 변경/추가,1
code:E-7-4,petition_type:외국인등록,1
code:D-8-1,petition_type:외국인등록,1
code:E-7-3,petition_type:근무처 변경/추가,1
code:E-7-3,petition_type:외국인등록,1
code:E-6-2,petition_type:초청,1
code:E-6-2,petition_type:체류자격 변경,1
code:E-6-2,document_bucket:필수서류,1
code:E-6-2,petition_type:근무처 변경/추가,1
code:E-5,petition_type:근무처 변경/추가,1
code:E-5,document_bucket:필수서류,1
code:E-6-1,petition_type:체류자격 부여,1
code:E-6-1,petition_type:초청,1
code:E-3,petition_type:체류기간 연장,1
code:C-4-5,petition_type:초청,1
code:C-4-5,document_bucket:공통서류,1
code:D-10-T,petition_type:초청,1
code:F-2-7,petition_type:사증발급,1
code:F-2-7,petition_type:근무처 변경/추가,1
code:F-2-7,petition_type:체류기간 연장,1
code:F-2-7,document_bucket:공통서류,1
code:D-8-1,document_bucket:필수서류,1
code:D-8-1,petition_type:체류기간 연장,1
code:E-7-T,petition_type:체류자격 변경,1
code:D-8-1,petition_type:사증발급,1
code:D-8-1,petition_type:초청,1
code:D-8-2,petition_type:외국인등록,1
code:D-8-2,petition_type:사증발급,1
code:D-8-4,petition_type:체류자격 변경,1
code:D-8-4,petition_type:체류기간 연장,1
code:E-9,petition_type:체류자격 부여,1
petition_type:체류자격 부여,subsection_type:기간,1
code:D-9-1,petition_type:체류자격 변경,1
code:D-10-1,document_bucket:공통서류,1
code:D-10-1,petition_type:사증발급,1
code:D-10,petition_type:체류자격외 활동허가,1
code:D-10,petition_type:근무처 변경/추가,1
code:D-10-T,petition_type:체류자격 변경,1
code:C-3-10,petition_type:사증발급인정서,1
code:F-1-1,petition_type:사증발급,1
code:F-1-1,document_bucket:공통서류,1
code:F-5-18,petition_type:외국인등록,1
code:F-5-24,petition_type:체류자격 부여,1
code:F-5-23,petition_type:외국인등록,1
code:F-5-23,petition_type:체류자격 부여,1
code:F-5-22,petition_type:외국인등록,1
code:F-5-22,petition_type:체류자격 부여,1
code:F-5-21,petition_type:외국인등록,1
code:C-3-1,petition_type:체류기간 연장,1
code:C-3-2,petition_type:체류기간 연장,1
code:F-5-19,petition_type:외국인등록,1
code:F-5-19,petition_type:체류자격 부여,1
code:F-5-18,petition_type:체류자격 부여,1
code:F-5-11,petition_type:근무처 변경/추가,1
code:F-5-17,petition_type:근무처 변경/추가,1
code:F-5-17,petition_type:외국인등록,1
code:F-5-17,petition_type:체류자격 부여,1
code:F-5-15,petition_type:외국인등록,1
code:F-5-15,petition_type:체류자격 부여,1
code:F-5-14,petition_type:체류자격 부여,1
code:F-5-13,petition_type:근무처 변경/추가,1
code:F-5-13,petition_type:외국인등록,1
code:F-5-13,petition_type:체류자격 부여,1
code:F-5-12,petition_type:근무처 변경/추가,1
code:F-5-24,petition_type:외국인등록,1
code:F-5-25,petition_type:체류자격 부여,1
code:C-3,petition_type:체류자격외 활동허가,1
code:F-5-26,petition_type:체류자격 부여,1
code:C-3-8,petition_type:외국인등록,1
code:A-3-99,document_bucket:필수서류,1
code:G-1-4,petition_type:체류기간 연장,1
code:G-1-11,petition_type:외국인등록,1
code:G-1-10,petition_type:사증발급,1
code:G-1-10,petition_type:외국인등록,1
code:G-1-9,petition_type:외국인등록,1
code:G-1-2,petition_type:체류자격외 활동허가,1
code:G-1-1,petition_type:체류자격외 활동허가,1
code:G-1-12,petition_type:체류자격외 활동허가,1
code:F-6-3,petition_type:사증발급,1
code:F-6-3,petition_type:체류기간 연장,1
code:E-6-1,document_bucket:공통서류,1
code:F-6-1,document_bucket:필수서류,1
code:A-3,petition_type:체류기간 연장,1
code:F-5-2,document_bucket:필수서류,1
code:F-5-2,petition_type:재입국허가,1
code:F-5-8,petition_type:외국인등록,1
code:F-5-8,petition_type:사증발급,1
code:F-5-27,petition_type:체류자격 부여,1
code:A-3,petition_type:사증발급,1
code:F-5-12,petition_type:체류자격 부여,1
code:F-5-11,petition_type:외국인등록,1
code:F-1-1,document_bucket:필수서류,1
code:C-3-9,petition_type:초청,1
code:C-3-5,petition_type:사증발급인정서,1
code:F-2-71,petition_type:체류기간 연장,1
code:F-2-5,document_bucket:기타서류,1
code:F-2-5,document_bucket:공통서류,1
code:F-2-5,petition_type:외국인등록,1
code:F-2-4,document_bucket:기타서류,1
code:F-2-4,document_bucket:공통서류,1
code:F-2-4,petition_type:외국인등록,1
code:C-3-7,petition_type:초청,1
code:F-6-2,petition_type:외국인등록,1
code:F-2-99,document_bucket:기타서류,1
code:F-5-11,petition_type:체류자격 부여,1
code:F-2-99,document_bucket:필수서류,1
code:F-2-99,petition_type:외국인등록,1
code:F-2-99,petition_type:체류자격 부여,1
code:C-3-9,petition_type:사증발급인정서,1
code:C-3-10,petition_type:초청,1
code:F-2-16,petition_type:체류자격 변경,1
code:F-2-12,petition_type:체류기간 연장,1
code:F-2-12,petition_type:체류자격 변경,1
code:F-2-8,petition_type:체류자격 변경,1
code:F-2-8,petition_type:사증발급인정서,1
code:C-3-4,petition_type:사증발급,1
code:C-3-4,document_bucket:필수서류,1
code:C-3-4,petition_type:사증발급인정서,1
petition_type:사증발급인정서,subsection_type:쿼터,1
code:F-5-10,petition_type:근무처 변경/추가,1
code:F-5-10,petition_type:외국인등록,1
code:F-5-10,petition_type:체류자격 부여,1
code:C-3-2,petition_type:체류자격 변경,1
code:F-5-9,petition_type:체류자격 부여,1
code:F-5-7,petition_type:체류기간 연장,1
code:F-5-7,petition_type:외국인등록,1
code:F-5-7,petition_type:체류자격 부여,1
code:F-5-6,petition_type:체류자격 부여,1
code:F-5-5,document_bucket:필수서류,1
code:C-3-2,petition_type:사증발급,1
code:F-5-5,petition_type:체류자격 부여,1
code:F-5-4,petition_type:외국인등록,1
code:F-5-4,petition_type:체류자격 부여,1
code:F-5-1,petition_type:재입국허가,1
code:F-5-1,petition_type:외국인등록,1
code:F-5-1,petition_type:사증발급,1
code:F-5-1,petition_type:체류자격 변경,1
code:F-5-1,petition_type:체류자격 부여,1
code:C-3-2,document_bucket:필수서류,1
code:C-3-3,petition_type:전자사증,1
code:F-5-T,petition_type:체류자격 변경,1
