source_row_number,review_priority,review_reason,suggested_action,visa_code,visa_name_ko,item_type,section_title,petition_type,subsection_type,subtype_or_program,applicant_context,eligibility,target_persons,common_documents,mandatory_documents,other_documents,requirements,procedure,restrictions,exceptions,fees,duration_or_validity,quota_or_limit,score_criteria,table_summary,table_rows,normalized_text
2,high,document_like_row_outside_required_documents,공통/필수/기타서류 버킷 재분류,A-1,외교,visa_rule,A-1 외교 / 사증발급,사증발급,대상,,,"외국정부의 외교사절단이나 영사기관의 구성원 (대사, 공사, 참사관, 서기관, 총영사, 영사 등) 조약 또는 국제관행에 따라 외교사절과 동등한 특권과 면제를 받는 자 (UN 사무총장, 사무차장, 전문기구 사무국장, 국가원수, 각료, 양원의장, 정부주최 회의 외국정부 대표단 등) 상기자의 가족 (주재 외교관과 세대를 같이 하는 배우자, 자녀, 부모 등)",,,"사증발급신청서 (별지 제17호 서식) 여권, 표준규격사진 1매, 수수료 파견·재직 증명 서류 또는 해당국 외교부장관의 협조공한 동반가족의 경우 가족관계증명서, 출생증명서 등",,,,,,,재임 기간,,,,,
5,high,document_like_row_outside_required_documents,공통/필수/기타서류 버킷 재분류,A-2,공무,visa_rule,A-2 공무 / 사증발급,사증발급,대상,,,"외국정부 또는 국제기구의 공무를 수행하는 자: 외교사절단의 사무·기술·노무직원, 영사기관 직원, 대한민국 본부 국제기구 직원, 외국정부/국제기구 한국지사 직원, 한국 정부와 공적 업무로 파견된 자, 한국 정부 또는 국제기구 주최 회의 참가자 상기자의 가족 (동일 세대 구성원)",,,"사증발급신청서 (별지 제17호 서식), 여권, 표준규격사진 1매, 수수료 파견·재직 증명 서류 또는 외교부장관·소속부처 장관의 공한",,,,관용여권 또는 신분증명서 소지 (일반여권은 공무수행자/국제기구 근무자와 그 가족에 한함),,,공무수행기간,,,,,
6,high,document_like_row_outside_required_documents,공통/필수/기타서류 버킷 재분류,A-3,협정,visa_rule,A-3 협정 / 사증발급,사증발급,대상,"A-3-99 (Fulbright 협정 대상자에 대한 복수사증, 체류기간 및 유효기간은 한미교류재단 협조공한 상의 장학금 수혜기간)",,"협정에 의해 외국인등록이 면제 또는 면제할 필요가 있다고 인정되는 자 (SOFA, Fulbright 등) 상기자의 가족",,,"사증발급신청서 (별지 제17호 서식), 여권, 표준규격사진 1매, 수수료 파견·재직 증명 서류 또는 외교부장관·소속부처 장관의 공한",,,,,,,신분존속기간 또는 협정상의 체류기간,,,,,
8,high,document_like_row_outside_required_documents,공통/필수/기타서류 버킷 재분류,B-2,관광통과,visa_rule,B-2 관광통과,사증발급,대상,,관광·통과 등의 목적으로 대한민국에 사증 없이 입국하려는 자,"출입국관리법 제7조에 따라 사증 없이 입국할 수 있는 자 재입국허가를 받은 사람 또는 재입국허가가 면제된 사람으로서 그 허가 또는 면제받은 기간이 끝나기 전에 입국하는 사람 대한민국과 사증면제협정을 체결한 국가의 국민으로서 그 협정에 따라 면제대상이 되는 사람 국제친선, 관광 또는 대한민국의 이익 등을 위하여 입국하는 사람으로서 대통령령으로 정하는 바에 따라 따로 입국허가를 받은 사람 난민여행증명서를 발급받고 출국한 후 그 유효기간이 끝나기 전에 입국하는 사람",관광·통과 목적 입국자,,,,,,사증면제협정 또는 관광통과 목적으로 입국한 자에 대하여는 원칙적으로 체류기간 연장이나 체류자격 변경허가를 하지 아니함 체류기간이 협정기간 또는 법무부장관이 따로 정하는 기간을 초과하는 경우에는 반드시 사증을 발급받아 입국하여야 함,,,법무부장관이 따로 정하는 기간,,,"무사증입국 허가대상 국가 일람표 (아시아 10국, 북미 2국, 남미 5국, 유럽 11국, 대양주 13국, 아프리카 5국, 외교관용여권만 적용 아시아 2국)","일본 90일, 미국 90일, 캐나다 6개월, 호주 90일 마카오 90일, 홍콩 90일, 타이완 90일, 쿠웨이트 90일 사우디아라비아 30일, 바레인 30일, 브루나이 30일, 오만 30일, 카타르 30일 크로아티아 90일, 슬로베니아 90일, 세르비아 90일, 에콰도르 90일 레바논·인도네시아 30일 (외교관용여권 한정) 예멘 지정취소 2014.7.1., 이집트 지정취소 2018.9.1.",
14,high,document_like_row_outside_required_documents,공통/필수/기타서류 버킷 재분류,C-3,단기방문,visa_rule,C-3 단기방문 / 전자사증,전자사증,대상,전자사증,해외 우수인력 및 관광객 유치지원 등을 위한 사증발급 절차 간소화의 일환으로 재외공관 방문 없이 온라인으로 사증을 발급 받을 수 있는 제도,"전문인력 및 전문인력의 동반가족 (교수 E-1, 연구 E-3, 기술지도 E-4, 전문직업 E-5, 첨단과학기술분야 고용추천서(GOLD CARD)를 발급받은 특정활동 E-7 자격 외국인) 및 그 배우자·미성년 자녀 외국인 환자와 동반가족 및 간병인 (의료관광 우수유치기관 초청) 상용목적 빈번 출입국자 (외국인 지문확인시스템 도입 후 3회 이상 단기방문 자격 입국, 국내 체류 중 불법체류·범법 없음, 국내 기업의 초청) 단체관광객 (재외공관장이 지정한 국외 전담여행사가 사증신청 대행)",,,"상용목적 빈번 출입국자 - 사증발급신청서, 여권, 사진, 수수료 - 초청장(초청사유와 귀국보장 각서내용 포함) - 초청자 신분증 사본",,,,,,,"상용목적 빈번 출입국자: 일반상용(C-3-4) 체류기간 90일 이내, 유효기간 3월 단수사증",,,,,
22,high,document_like_row_outside_required_documents; score_like_row_outside_score_table,공통/필수/기타서류 버킷 재분류; 점수표/배점 행인지 확인,C-3,단기방문,visa_rule,C-3 중국 국민 복수사증,사증발급,대상,복수사증,중국 국민(C-3-1~C-3-9. 단 C-3-2 제외) 복수사증 발급 대상자,"유효기간 5년(체류기간 90일) 대상 대학(전문대 포함) 강사 등 교원 및 초·중·고교 교사 (조교수 이상은 10년 복수사증) 공관장이 인정한 유명 예술가, 연예인 및 운동선수 중국인 단체 관광객 인솔 여행사의 가이드로 3회 이상 입국 사실 있는 자 우리나라 방문경력 있는 자 (무사증·상륙허가 제외, 의료관광 진료비 200만원 초과 시 인정) 연간 교역액 미화 3만 불 이상 사기업의 관리자 이상 또는 2년 이상 정규 직원 부동산·금융재산·사업체 등 개인재산 200만 위안 이상 보유자 국내 취항 항공사·선사 임직원 국제신용카드 우수고객, 즈마신용점수 780점 이상, 유니온페이 프리미엄카드 소지자 월 5,000위안 이상 소득자 17세 미만 55세 이상자 우리나라 이외 4년제 대학 재학생·졸업생 (전자인증 학력인증서 제출) 국내 콘도미니엄 회원권(3,000만원 이상) 구매자 5년 복수사증 소지자의 배우자·미성년 자녀·부모 및 배우자의 부모 유효기간 10년(체류기간 90일) 대상 의사·변호사·교수·공사기업 대표 등 전문직업인 (사기업 자본금 50억 이상) 국내 4년제 대학 학사 이상 또는 해외 석사학위 이상 소지자 중국 공무원 또는 공무보통여권 소지자 100만불 이상 우리나라 투자기업 임직원 중국기업연합회 선정 500대 기업 과장급 이상 또는 6개월 이상 재직자 베이징·상하이·광저우·선전·쑤저우·샤먼·톈진·난징·항저우·닝보·우한·창사·칭다오·충칭 호구자 (C-3-91) OECD 22개국 방문사증 소지 및 방문 경력자",,"- 사증발급신청서, 여권, 사진, 수수료","추가서류 (재정능력 또는 신분 입증서류 예시, 최대 2종) - 재직증명서, 최근 6개월 신용카드 사용내역서, 사회보험 가입증명서, 납세증명서, 대학졸업증명서, 영주권 등 영주·장기체류자 입증서류, 특정단체 초청장, 연금수령 입증서류, 관리자 또는 정규직원 재직증명서, 아국과의 교역 내역 자료 등",,,"연령, 출입국기록 등 여권 또는 자체 전산조회로 심사 가능한 경우 추가 서류 징구 자제 신분·학력·도시지역 호구 등 사증 신청 시 관련 확인서류 외 재정능력 입증서류 징구 자제",,,,"단기방문(C-3-2, C-3-10 제외), 체류기간 90일, 유효기간 5년 또는 10년 일반관광(C-3-9)은 신분 확실하거나 불법취업 가능성이 없으면 90일, 그 밖은 30일 이내",,,OECD 방문사증 인정 22개국,"오스트리아, 벨기에, 덴마크, 프랑스, 독일, 그리스, 아이슬란드, 아일랜드, 이탈리아, 룩셈부르크, 네덜란드, 뉴질랜드, 노르웨이, 포르투갈, 스페인, 스웨덴, 스위스, 영국, 미국, 캐나다, 호주, 핀란드",
23,high,document_like_row_outside_required_documents,공통/필수/기타서류 버킷 재분류,C-3,단기방문,visa_rule,C-3 한·몽골 사증발급 간소화 협정,사증발급,대상,복수사증,한·몽골 사증발급 간소화 협정대상자 (C-3-1~C-3-9) 복수사증 대상자,"우리나라 방문경력 있는 자 (무사증·상륙허가 제외) 공무원 또는 국영기업체 임직원(과장급 이상) 대한민국 취항 정기 항공사·선사 임직원(과장급 이상) 국제신용카드 우수고객 자원·에너지 개발·판매 등을 위한 기업 설치, 국내 공사기관 초청 상담·계약 활동자 국적취득자의 부모·자녀, 국민의 배우자 또는 정상적 혼인 1년 이상 국민의 배우자의 부모·미성년 자녀 단기방문(C-3) 복수비자 소지자의 배우자 및 미성년 자녀 의사·변호사·교수 등 전문직 종사자 공관장 인정 언론기관 1년 이상 재직자(기자·PD·편집인 등) 연간 납세실적 5억 투그릭 이상 기업 또는 납세실적 100대 우수기업 과장급 이상 1년 이상 재직자 대한민국 전문학사 이상 또는 해외 석사학위 이상 소지자 최근 6개월 사회보험 월평균 급여가 도시근로자 월평균임금 2배 이상 (공관장 인정) 유명 예술가·연예인·운동선수 (공관장 인정) 개인 자산 5억 투그릭 이상 보유자 배우자나 직계혈족이 1년 이상 장기체류 중인 자 OECD 22개국 방문사증 소지 및 방문 경력자",,,"- 사증발급신청서, 여권, 사진, 수수료 - 별첨 제출서류 참고 (공관 실정에 맞게 지정 운영)",,,,,,,"단기방문(C-3-1~C-3-9), 체류기간 90일, 유효기간 3년 복수비자 유효기간 3년 복수사증 발급 후 과거 체류실태가 건전한 자는 체류기간 90일, 유효기간 5년 부여",,,,,
24,high,document_like_row_outside_required_documents,공통/필수/기타서류 버킷 재분류,C-3,단기방문,visa_rule,C-3 동남아국가 복수사증,사증발급,대상,복수사증,"동남아국가 국민 복수사증 발급(C-3-1~C-3-9, 단 C-3-2 제외) 대상국가: 미얀마, 캄보디아, 스리랑카, 인도네시아, 라오스, 네팔, 파키스탄, 필리핀, 베트남, 인도, 방글라데시","유효기간 5년(체류기간 30일) 대상 우리나라 방문경력 있는 자 공무원, 국영기업체, 대한민국 취항 정기 항공사·선사 임직원 연간 미화 8천 달러 이상 소득자 또는 국제신용카드 우수고객 자원·에너지 개발·판매 회사 설치, 국내 공사기관 초청 상담·계약 활동자 정부·공공기관 초청 국제행사·국제회의 참가자 및 주요인사 기업체 대표, 상장회사 관리직 직원(1년 이상) 기자·PD·편집인 등 언론기관 종사자(1년 이상) 대학 강사 등 교원, 초·중·고교 교사(조교수 이상은 10년 복수사증), 공관장 인정 유력인사·예술가·운동가·작가·연예인 퇴직 후 연금수령 55세 이상자 국내 전문대학 졸업자 5년 복수사증 소지자의 배우자 및 미성년 자녀·부모·배우자의 부모 개인재산 20만불 이상 보유자 65세 이상자 유효기간 10년(체류기간 90일) 대상 의사·변호사·회계사·교수·공사기업 대표 등 전문직업인 (사기업 자본금 50억 이상) 대한민국 4년제 대학 학사 이상 또는 해외 석사학위 이상 소지자 중앙부처 과장급 이상 공무원 및 그 가족 현직 국회의원 OECD 22개국 방문사증 소지 및 방문 경력자 베트남 하노이, 호치민, 다낭 호구자 100만불 이상 투자기업 3년 이상 근무 정규직원 베트남·필리핀·인도네시아 100대 기업 및 캄보디아·미얀마·라오스 30대 기업 과장급 이상 직원 10년 복수사증 소지자의 배우자·미성년 자녀·부모·배우자의 부모",,,- 첨부서류 참고 (공관별 실정에 맞게 제출서류 지정 운영),,,,,,,"5년 복수사증: 단기방문(C-3-2, C-3-10 제외), 체류기간 30일 10년 복수사증: 단기방문(C-3-2, C-3-10 제외), 체류기간 90일 이내 일반상용·관광 목적 신청 시에는 30일 이내로 발급하는 등 탄력적 부여",,,,,
25,high,document_like_row_outside_required_documents,공통/필수/기타서류 버킷 재분류,C-3,단기방문,visa_rule,C-3 자원외교국가 복수사증,사증발급,대상,복수사증,"자원외교국가 국민 복수사증 발급(C-3-1 또는 C-3-4) 대상국가: 러시아, 요르단, 투르크메니스탄, 우즈베키스탄, 카자흐스탄, 알제리, 아제르바이잔, 볼리비아, 에콰도르, 베네수엘라, 앙골라, 나이지리아, 콩고, 리비아, 우크라이나, 벨라루스, 조지아","공무원 또는 국영기업체 임직원 대한민국 취항 정기 항공사·선사 임직원 국제신용카드 우수고객 최근 2년 이내 한국을 4회 이상 또는 통산 5회 이상 방문자 러시아는 한-러 단기 방문사증 발급 간소화 협정에 따라 최근 1년 이내 1회 이상 입국자도 대상 자원·에너지 개발·판매 등을 위한 기업 설치, 국내 공사기관 초청 상담·계약 활동자 단기방문(C-3-1, C-3-4, C-3-9) 복수사증 소지자의 배우자 및 미성년 자녀 (종전 C-2+C-3 복수 소지자 포함) 의사·변호사·교수 등 전문직 종사자 공관장 인정 언론기관 1년 이상 재직자 납세실적 100대 우수기업 과장급 이상 1년 이상 재직자 대한민국 4년제 대학 학사 이상 또는 해외 석사학위 이상 소지자",,"- 사증발급신청서, 여권, 사진, 수수료",- 별첨2 제출서류 참고 (공관별 실정에 맞게 지정 운영),,,,,,,"단기방문(C-3-1~C-3-9. 단 C-3-2 제외), 유효기간 1년, 체류기간 30일",,,,,
26,high,document_like_row_outside_required_documents,공통/필수/기타서류 버킷 재분류,C-3,단기방문,visa_rule,C-3-1 결혼이민자 및 국적취득자 가족 특례,사증발급,대상,C-3-1,결혼이민자 및 대한민국 국적취득자의 가족에 대한 특례(C-3-1),"외국국적을 소지한 국민의 배우자 (단, 결혼동거 목적 신청은 발급대상 제외) 대한민국 국민과 결혼하여 양국에 혼인신고를 마치고 1년 이상 정상적인 혼인관계를 유지하고 있는 자의 부모 및 미성년 자녀 대한민국 국적을 취득한 자의 부모 및 자녀 (결혼이민자 불문)",,,"- 사증발급신청서, 여권 사본 - 가족관계를 입증할 수 있는 서류",,,,국민의 배우자가 결혼동거 목적으로 신청할 경우 발급대상 제외,,,"체류자격 단기일반(C-3-1), 체류기간 90일, 유효기간 5년 복수사증",,,,,
27,high,document_like_row_outside_required_documents,공통/필수/기타서류 버킷 재분류,C-3,단기방문,visa_rule,C-3-8 중국동포 복수사증,사증발급,대상,C-3-8,중국동포에 대한 복수사증발급(C-3-8) 재외동포의 출입국과 법적지위에 관한 법률 제2조제2호 외국국적동포로서 60세 이하인 자,,,,"- 사증발급신청서, 여권 사본 - 외국국적동포임을 입증하는 국적국의 공적서류(거민증, 호구부 등) - 해외범죄경력증명 (14세 이상 외국국적동포로서 동포방문(C-3-8) 사증 신청자)",제출면제대상 - 60세 이상인 사람 - 13세 이하인 사람(형사 미성년자) - 국가유공자(독립유공자)와 그 유족 - 특별공로(국익증진) 동포,,,,,,"5년 유효한 동포방문(C-3-8, 090) 복수사증",,,,,
30,high,document_like_row_outside_required_documents,공통/필수/기타서류 버킷 재분류,C-3,단기방문,visa_rule,C-3-1 관광·휴양시설 투자이민자,사증발급인정서,대상,C-3-1,"관광·휴양시설 투자이민자에 대한 복수사증 발급(C-3-1) 투자시설에 기준금액 이상을 투자한 외국인 및 법인의 임원, 주주와 그 동반가족(부모, 배우자, 자녀, 배우자의 부모)으로서 외국인 등록을 하지 않고 수시 방문하고자 하는 사람","기준금액 이상이 본인의 해외자본으로 투자되었음을 입증 투자 완료 경우에 한하며, 투자 예정·진행 중은 제외",,,"- 사증발급인정신청서, 여권 사본 - 부동산 매매계약서, 부동산 등기부등본 - 국내 외국환은행에서 발행한 국제송금 전신문, 외국환매입증명서 등 (신용카드 결제 시 결제정보 확인서, 신용카드 매출전표 사본, 분양회사 입금영수증, 카드 사본 등) - 가족관계 증명서 (배우자, 미혼 자녀 송금 또는 동반 신청 시)",,결격사유 (아래 어느 하나에 해당되지 아니하여야 함) - 금고 이상 실형 선고 후 집행 종료·면제일로부터 5년 미경과 - 금고 이상 형 집행유예 선고 판결확정일로부터 5년 미경과 - 300만 원 이상 벌금형 납부일로부터 3년 미경과 - 강제퇴거명령 출국일로부터 7년 또는 출국명령 출국일로부터 5년 미경과 - 신청일 기준 3년 이내 출입국관리법 위반 범칙금자로 체류허가 제한사유 있는 경우 - 입국금지 사유 또는 안전보장·질서유지·공공복리·이익 침해 우려 - 허위 서류 제출 - 투자시설에 매도·임대·담보·압류 등이 이루어지거나 수익 목적 활용,투자시설 소재지(투자시설이 2곳 이상인 경우 투자금액이 많은 지역) 관할 출입국·외국인청(사무소·출장소)에 신청,,,,"체류자격 단기일반(C-3-1), 체류기간 90일, 유효기간 3년 복수사증",,,,,
31,high,document_like_row_outside_required_documents,공통/필수/기타서류 버킷 재분류,C-3,단기방문,visa_rule,C-3-1 공익사업 투자외국인,사증발급인정서,대상,C-3-1,"공익사업 투자외국인 및 동반가족(C-3-1) 공익사업 투자이민 펀드에 투자한 외국인(은퇴투자이민자) 및 법인의 임원, 주주와 그 동반가족(부모, 배우자, 자녀, 배우자의 부모)으로서 외국인등록을 하지 않고 수시 방문하고자 하는 사람",기준금액 이상이 본인의 해외자본으로 투자되었음을 입증 투자 완료 경우에 한함,,,"- 신청서, 여권사본, 수수료 - 투자금 납입 증명 서류 (투자 유치기관 장의 직인 날인 투자 확인서, 계좌이체 내역서 등) - 공익투자 전담은행에서 발행한 국제송금 전신문, 외국환매입증명서 등 - 가족관계 증명서 (투자자 배우자·미성년 자녀 송금 또는 부모 등 가족 신청 시) - 투자 법인의 현직 임원 또는 과점주주(F-2 자격변경허가 기준) 입증서류 및 당사자 명단 명시된 해당 법인의 공문 - 국외에서 투자자 명의로 법인에 투자금을 송금·지불 입증서류 (법인의 임원·주주 해당자)",,결격사유 (아래 어느 하나에 해당되지 아니하여야 함) - 금고 이상 실형 선고 후 집행 종료·면제일로부터 5년 미경과 - 금고 이상 형 집행유예 선고 판결확정일로부터 5년 미경과 - 300만 원 이상 벌금형 납부일로부터 3년 미경과 - 강제퇴거명령 출국일로부터 7년 또는 출국명령 출국일로부터 5년 미경과 - 신청일 기준 3년 이내 출입국관리법 위반 범칙금자로 체류허가 제한사유 있는 경우 - 입국금지 사유 또는 안전보장·질서유지·공공복리·이익 침해 우려 - 허위 서류 제출,원금보장·무이자형 투자 외국인: 서울출입국·외국인청 세종로 출장소 또는 제주출입국·외국인청(제주도 체류자에 한함) 손익발생형 투자 외국인: 해당 개발사업자가 등록된 청(사무소·출장소),,,,"체류자격 단기일반(C-3-1), 체류기간 90일, 유효기간 3년 복수사증의 사증발급인정서",,,,,
32,high,document_like_row_outside_required_documents,공통/필수/기타서류 버킷 재분류,C-3,단기방문,visa_rule,C-3-3 의료관광 유치기관 초청,사증발급인정서,대상,C-3-3,"의료관광 유치기관의 초청으로 국내 의료기관에서 진료 또는 요양할 목적으로 입국하고자 하는 외국인 환자 의료관광 유치기관: 의료법에 따라 보건복지부 장관에게 외국인환자 유치 의료기관 또는 외국인환자 유치업자로 등록을 마친 자 외국인 환자의 간병 등을 위해 동반입국이 필요한 배우자 등 동반가족(외국인 환자의 배우자, 직계가족, 형제, 자매)",,외국인 환자 환자송출계약국가 국비지원 대상자 또는 의료관광 우수 유치기관 전자비자 초청자는 4촌 이내 방계가족까지 허용,,"- 사증발급인정신청서(별지 제21호 서식), 여권사본, 표준규격사진 1매 - 의료기관에서 발급한 의료목적 입증서류 - 치료 및 체류비용 조달 능력을 입증할 수 있는 서류 (우수 유치기관 초청 시 생략 가능) - 사업자등록증 사본 및 유치기관 등록증 사본 (회원가입자는 기존 서류 제출로 대체) - 가족관계 입증서류 (결혼증명서·가족관계기록사항에 관한 증명서 또는 출생증명서 등; 동반입국 배우자·동반가족에 한함)",,의료법상 외국인 환자 유치 의료기관 또는 유치업자로 등록한 자가 온라인(visa.go.kr)으로 사증발급인정서를 신청하는 경우에만 허용 ('12. 1. 1. 시행),,"21개 국가(중국, 필리핀, 인도네시아, 방글라데시, 베트남, 몽골, 태국, 파키스탄, 스리랑카, 인도, 미얀마, 네팔, 이란, 우즈베키스탄, 카자흐스탄, 키르키즈스탄, 우크라이나, 나이지리아, 가나, 이집트, 페루) 국민에게 C-3-3 발급 시 체류기간 90일 단수사증 또는 더블사증으로 발급 베트남의 경우 '16.4.1.부터 사증발급인정서 및 전자사증 발급 제한",,,"치료 및 여행기간 90일 이하 단기: 체류자격 C-3-3, 체류기간 90일 이내, 사증유효기간 단수 3월, 더블 6월, 복수 5년 이내 치료 및 여행기간 91일 이상 장기: 체류자격 G-1-10, 체류기간 1년 이내의 복수사증",,,21개국 단수사증 또는 더블사증 제한,"중국, 필리핀, 인도네시아, 방글라데시, 베트남, 몽골, 태국, 파키스탄, 스리랑카, 인도, 미얀마, 네팔, 이란, 우즈베키스탄, 카자흐스탄, 키르키즈스탄, 우크라이나, 나이지리아, 가나, 이집트, 페루",
33,high,document_like_row_outside_required_documents,공통/필수/기타서류 버킷 재분류,C-3,단기방문,visa_rule,C-3-6 우대기업 초청,사증발급인정서,대상,C-3-6,외국인 초청절차 우대기업의 초청을 받은 자(C-3-6) 대한민국 비자포털(www.visa.go.kr)을 통해 우대기업으로 선정된 기업·단체로부터 초청을 받은 자,,,,"- 사증발급인정신청서(별지 제21호서식), 여권, 표준규격사진 - 재직증명서 - 우대기업 발행 초청장",,"우대기업으로 선정되려면 중소벤처기업부장관, 중소기업중앙회장, 한국무역협회장의 추천을 받은 기업·단체이어야 함 기 선정된 우대기업만 대상으로 함(우대기업 선정 종료)",,,,,"체류자격 우대기업초청 단기상용(C-3-6), 체류기간 90일, 유효기간 1년 복수사증",,,,,
41,high,document_like_row_outside_required_documents,공통/필수/기타서류 버킷 재분류,C-4,단기취업,visa_rule,C-4-1~4 계절근로 사증발급인정서,사증발급인정서,대상,C-4-1~4,계절근로 단기취업(C-4-1~4)자에 대한 사증발급인정서 발급,신청자: (시·군·구)기초자치단체장 사증발급인정서 대상자: 지자체가 고용주에게 배정한 해외 체류 외국인 결혼이민자 또는 외국국적동포의 국내 체류 가족은 사증발급인정서 신청 대상이 아니고 체류자격외활동허가 신청 대상,,,"비자포털에 첨부 제출 - 표준근로계약서 - 내국인 구인노력 증빙자료(구인 광고내용 사본 및 최종 구인실적 등) - 외국인 계절근로자 여권 사본 - MOU 외국인: 본국에서의 농·어업 종사 이력 - 결혼이민자 4촌 이내 친척(배우자 포함): 결혼이민자 신분증, 국내용 혼인·가족관계 증명서, 기본증명서, 친척 관계도, 거주국 가족관계증명서 등 - 숙소 관련 서류 (외국인 계절근로자 숙소시설표, '24년 한시적 시행) - 업무협약(MOU) 체결 결과서 등",,표준근로계약서 상의 근로일수와 사증(VISA)별 체류기간이 부합되어야 함,"신청 방법: 비자포털(www.visa.go.kr)을 통하여 신청 신청시기: 농·어업 작업시기, 사증발급인정서 발급 소요 기간(약 10일), 외국인 계절근로자 사증 준비 및 자국 출국 행정 절차 소요 기간 등을 고려하여 결정 숙소점검 확인서는 계절근로자 입국 직후 지자체에서 일괄 공문 제출",,,,"C-4-1(단수, MOU 외국지자체 추천, 농업, 최대 90일) C-4-2(단수, 결혼이민자 추천, 농업, 최대 90일) C-4-3(단수, MOU 외국지자체 추천, 어업, 최대 90일) C-4-4(단수, 결혼이민자 추천, 어업, 최대 90일)",,,계절근로 사증 종류,"C-4-1: MOU 체결 외국지자체 추천, 농업, 90일 C-4-2: 결혼이민자 추천, 농업, 90일 C-4-3: MOU 체결 외국지자체 추천, 어업, 90일 C-4-4: 결혼이민자 추천, 어업, 90일",
42,high,document_like_row_outside_required_documents,공통/필수/기타서류 버킷 재분류,C-4,단기취업,visa_rule,C-4-5 특정국가 국민 사증발급인정서,사증발급인정서,제출서류,C-4-5,"특정국가 국민에 대한 단기취업(C-4-5) 사증발급인정서 발급 특정국가 국민은 원칙적으로 법무부장관, 출입국·외국인청(사무소·출장소)장이 발급한 사증발급인정서에 따라 사증 발급",,,,,,,사증발급인정서를 제출하지 아니한 자에 대하여는 공관장이 사증발급승인을 요청하여 법무부장관의 승인을 받아 사증을 발급할 수 있음 특정국가 거주 무국적자는 특정국가 국민의 사증발급기준에 준하여 처리,,,,,,,,,
57,high,required_documents_without_document_bucket,item_type/subsection_type과 실제 채움 필드가 맞는지 확인; 공통/필수/기타서류 버킷 재분류,D-4,일반연수,required_documents,D-4-3 고등학교 이하 유학생 사증발급,사증발급,제출서류,D-4-3,"21개 국가 외의 기타국가 자비부담 외국인유학생 21개 국가: 중국, 필리핀, 인도네시아, 방글라데시, 베트남, 몽골, 태국, 파키스탄, 스리랑카, 인도, 미얀마, 네팔, 이란, 우즈베키스탄, 카자흐스탄, 키르기즈스탄, 우크라이나, 나이지리아, 가나, 이집트, 페루",,,,,,,사증신청: 신청인의 거주국 또는 최종학교 소재지 관할 공관에서 신청 원칙,21개 국가 국민 중 자비 부담 외국인유학생은 사증발급인정서에 의한 사증발급 대상임,,,"체류기간 1년 이내, 단수",,,,,
89,high,document_like_row_outside_required_documents; score_like_row_outside_score_table,공통/필수/기타서류 버킷 재분류; 점수표/배점 행인지 확인,D-9,무역경영,visa_rule,D-9 무역비자 점수제,사증발급인정서,대상,,"무역비자 점수제 해당자 총 160점 중 60점 이상 득점자로서, 필수항목 점수가 10점 이상인 자",신청자 본인 명의로 사업자등록을 완료하였을 것 신청일 기준 3년 이내에 출입국관리법을 위반한 사실이 없을 것,,,"- 사증발급인정신청서, 여권사본 등 공통제출 서류 - 사업자등록증 사본 - 무역업 고유번호부여증(한국무역협회 발행) 사본 - 공동사업약정서 원본 및 사본 (공동 사업자인 경우; 총 자본금, 지분 및 수익금 분배방법 등 포함) - 사업장 존재 입증서류(임대차계약서 등) - 점수제 해당 점수 입증서류 무역실적: 한국무역협회장 발행 수출입실적증명서 무역분야 전문성: 경력증명서, 학위증, 교육이수증 등 (붙임3 기관·과정 이수자에 한함) 기타: 자본금 입증서류, TOPIK 점수표, 사회통합프로그램 이수증 등",,,,,,,,,"무역비자 점수제 총 160점, 필수항목 10점 이상, 총점 60점 이상",,,
91,high,score_like_row_outside_score_table,점수표/배점 행인지 확인,D-10,구직,visa_rule,D-10 구직,사증발급,대상,,"구직 자격 (일반구직 D-10-1, 기술창업준비 D-10-2, 첨단기술인턴 D-10-3, 최우수인재 D-10-T)","교수(E-1)·회화지도(E-2)·연구(E-3)·기술지도(E-4)·전문직업(E-5)·예술흥행(E-6)·특정활동(E-7) 자격 해당 분야 취업 위해 연수나 구직활동 등을 하려는 자 (예술흥행 E-6 중 유흥업소 E-6-2 제외, 순수예술·스포츠분야만 허용; E-7 자격 중 준전문인력·숙련기능인력은 해외신청 불가) 기업투자(D-8) 자격 다목 해당 기술창업 준비 등을 하려는 자 해외 우수 대학(THE 200위, QS 500위 이내 본교) 첨단기술 분야 학사과정 이상 재학생 또는 학위취득 후 3년 이내 졸업생으로 만 30세 미만(석사 이상 만 35세) 세계 대학 순위 100위 이내 대학의 석사 이상 학위 취득자 (최우수인재 D-10-T)",,,,,,,,,,1년 (기본) 1회 최대 6개월: D-10-1 ①요양보호사 전문연수 과정 수료자 ②구직비자 점수제 60점이상~80점미만 ③전문직종(E-1~E-7) 근무 경력자 ④주한 외국공관 인턴 직원 1회 최대 6개월: D-10-2 ①특허권·실용신안권·디자인권 출원 중인 사람 ②창업이민종합지원시스템(OASIS) 중 1개 이상 과정 이수자 ③창업이민 점수제 필수항목 중 1개 이상 해당자,,,세부약호,D-10-1 일반구직 ('18.10월 점수제 전환) D-10-2 기술창업준비 ('14.4. 신설) D-10-3 첨단기술인턴 ('22.8. 신설) D-10-T 최우수인재 ('25.4. 신설),
92,high,score_like_row_outside_score_table,점수표/배점 행인지 확인,D-10,구직,visa_rule,D-10-1 일반구직 점수제 및 면제 특례,사증발급,요건,D-10-1,일반구직(D-10-1) 발급 요건,"점수제 적용 대상자: 학사(국내 전문학사 포함) 이상의 학위 소지 국내 합법 체류자로 구직 점수표 총 190점 중 기본항목 20점 이상으로 총 득점 60점 이상 점수제 면제 특례 - 국내 대학 졸업 후 최초 구직 자격 변경: 국내 대학 전문학사 이상 학위 취득 후 최초 구직(D-10-1) 자격으로 변경 (체류기간 1년, 연장 시 점수제 적용) - 국내 대학 졸업 한국어능력 우수자: 국내 정규 대학에서 전문학사 이상 학위 취득 후 3년 이내, 사회통합프로그램 4단계 중간평가 합격 또는 TOPIK 4급 이상 유효 성적표 소지자 - 유망인재: 29세 이하 해외 대학 졸업자로서 최근 3년 이내 THE 또는 QS 세계 대학평가 200위 이내 대학 학사 이상 학위 소지자 또는 한국학 관련 전공 한국어능력 최우수자(토픽 6급) - 전문직종 근무 경력자: 체류자격변경허가만 가능 (사증발급 대상 아님) - 주한 외국공관 근무 인턴: 주한 외국공관 근무 인턴 직원",,,,,,,"공통 결격사유 - 신청일로부터 5년 이내 국내법 위반 금고 이상 형 선고 - 신청일로부터 5년 이내 출입국관리법 위반 강제퇴거나 출국명령 - 신청일로부터 3년 이내 국내법 위반 300만 원 이상 벌금형 - 출입국관리법 위반 범칙금 받은 사람으로서 체류허가 제한 통합기준에 따라 제한 (초범 500만원 이상, 재범 최근 3년 이내 합산 700만원 이상)",,,,,"구직 점수표 총 190점 (기본 50점, 선택 70점, 가점 70점) 기본항목: 연령(20점), 최종학력(30점) 선택항목: 취업경력(15점), 국내유학(30점), 국내연수(5점), 한국어능력(20점) 가점: 관계 중앙행정기관장·재외공관장 추천(20점), 세계우수대학(THE 200대, QS 500대) 또는 아시아권 QS 1,000위 이공계(20점), 글로벌기업 근무경력(포천 500대, 20점), 이공계 학사(5점), 고소득(5만달러) 전문직 경력자(5점) 감점: 출입국관리법 위반 또는 형사처벌 전력(최대 -30점)",점수제 구직비자(D-10-1) 배점표,"연령: 20~24세 10점, 25~29세 15점, 30~34세 20점, 35~39세 15점, 40~49세 5점 학력: 국내 전문학사 15점, 학사 15점, 석사 20점, 박사 30점 한국어능력: TOPIK 5급/KIIP 5단계 20점, 4급/4단계 15점, 3급/3단계 10점, 2급/2단계 5점 국내유학 졸업 후 3년 이내: 전문학사/학사/석사/박사 30점 국내유학 졸업 후 3년 이후: 전문학사 5점, 학사 10점, 석사 15점, 박사 20점",
94,high,document_like_row_outside_required_documents,공통/필수/기타서류 버킷 재분류,D-10,구직,visa_rule,D-10-3 첨단기술인턴,사증발급인정서,요건,D-10-3,첨단기술인턴(D-10-3): 법무부장관이 정한 요건을 갖춘 기업(기관)과의 인턴 근로계약에 따른 첨단기술 분야 인턴 활동 첨단기술인턴은 사증발급인정서를 통한 사증발급만 허용,"세계 우수 대학(본교만 해당, THE 세계대학순위 200위, QS 세계대학순위 500위 이내) 첨단기술 분야 학사과정 이상 재학생 또는 학위취득일로부터 3년이 경과되지 않은 졸업생으로 만 30세(석사 이상은 만 35세) 미만 초청 가능 기업(기관): - 첨단 기술분야 연구시설(연구전담부서)을 갖춘 국내 상장기업 - 기초연구법 제14조의2 기업부설연구소 또는 연구개발 전담부서 - 연구개발특구의 육성에 관한 특별법 제9조 첨단기술기업 - 벤처기업육성에 관한 특별조치법 제25조 벤처기업 - 국공립 연구기관, 특정연구기관, 과학기술분야 정부출연 연구기관",,"- 신청서, 사진, 여권사본, 수수료, 신분증사본 - 인턴활동 계획서 - 최근 3년 이내 세계 대학순위 THE 200위, QS 500위 이내 소명자료 및 학위과정(첨단기술분야만) 재학증명서 또는 졸업증명서(학위증) (휴학증명서도 인정하되 휴학일로부터 1년 경과 시 불인정; 학력증명서는 유학(D-2) 사증발급 기준 국가별 공증절차대로 공적 확인) - 인턴근로계약서 (인턴 기업, 인턴활동 분야(첨단기술분야 제한), 인턴 기간 필수 명시) - 초청 기업(기관) 사업자등록증(또는 고유번호증), 법인등기부등본, 고용보험가입자 명부, 연구시설 현황자료 - 첨단기술인턴 초청 가능 기업(기관) 입증서류 (택1: 상장기업 첨단기술분야 연구시설 입증서류, 기업부설연구소인정서, 첨단기술기업지정서, 벤처기업확인서 등) - 체재비 입증서류 (연도별 1인 가구 주거급여 기준액 × 체류개월 수 이상 금액 예치 잔고증명서; 인턴계약서에 인턴기간 국내 체재비 지급 확인 시 면제)",,,,,초청기업(기관)이 일반구직(D-10-1) 인턴 채용 또는 전문직종(E계열) 외국인 고용이 제한되는 경우 첨단기술인턴 초청 요건을 갖추지 못한 기업(기관)과 인턴 근로계약을 체결한 경우 첨단기술인턴 초청인원이 인턴 예정 기업(기관)의 국민고용인원의 20%를 초과하는 경우 (최저 임금 이상 충족하고 고용보험가입자명부 3개월 이상 등재; 벤처기업은 설립일로부터 3년간 유예),,,"최대 1년의 체류기간 (단, 계약서에 명시된 인턴기간을 초과할 수 없음)",초청기업 국민고용인원의 20% 이내,,,,
95,high,document_like_row_outside_required_documents,공통/필수/기타서류 버킷 재분류,D-10,구직,visa_rule,D-10-T 최우수인재,사증발급,요건,D-10-T,최우수인재(D-10-T): 최근 5년 이내 세계 대학 순위 100위 이내 대학의 석사 이상 학위 취득자로 국내 취업 위해 연수나 구직활동을 하려는 사람 (부처추천 불요),"최우수인재(Top-Tier) 자격 기준 중 학력 요건을 갖추었으나 취업 미확정 시 최우수인재 구직(D-10-T) 자격 부여 세계대학 평가 순위 참고: QS World University Ranking, QS by Subject Engineering and Technology, Times Higher Education World University Rankings, THE by subject engineering, US News & World Report Global University Rankings, US News by subject engineering",,"- 신청서, 표준규격 사진, 여권 사본, 수수료 - 구직활동 계획서 - 해외 우수대학(본교) 졸업(예정)증명서",,,,,결격사유 - 입국금지 사유 해당 - 특정강력범죄의 처벌에 관한 특례법상 특정강력범죄로 형 선고 - 출입국관리법 또는 다른 법률 위반 금고 이상 형 집행종료·면제 5년 미경과 - 금고 이상 형 집행유예 판결확정 5년 미경과 - 300만원 이상 벌금형 납부일 3년 미경과 - 최근 5년간 출입국관리법 3회 이상 위반 (과태료 제외) - 강제퇴거명령 출국 7년 또는 출국명령 출국 5년 미경과 - 최근 3년간 출입국관리법 위반 1회 500만원 이상 또는 합산 700만원 이상 - 인도적 사유로 체류허가 받은 사람의 허가 결정일 5년 미경과 - 안전보장·질서유지·공공복리·이익 침해 우려,,,,,,,,
96,high,document_like_row_outside_required_documents; score_like_row_outside_score_table,공통/필수/기타서류 버킷 재분류; 점수표/배점 행인지 확인,D-10,구직,visa_rule,D-10 공관장 재량 발급 절차,사증발급,절차,,재외공관장이 재량으로 체류기간 6개월의 단수 구직(D-10)사증 발급,,,"공통서류 - 신청서, 사진, 여권 사본, 수수료, 신분증 사본 - 구직활동 계획서 - 학위증 (졸업증명서, 학위취득증명서도 인정; 유학생정보시스템 확인 시 면제) - 대학 순위 소명자료 (세계 대학순위 적용 대상자) - 근무경력 증빙서류 (해당자; 근무기간, 장소, 직종 등 포함된 경력증명서 또는 재직증명서) - 국내 연수 활동 증빙서류 (해당자) - 한국어능력 입증서류 (해당자) - 추천서 (해당자; 부처 발행 고용추천서 또는 공관 내부추천 문서) - 고소득 전문가 입증서류 (해당자; 자국 공공기관 발행 전년도 근로소득 입증서류) - 체재비 입증서류 (연도별 1인 가구 주거급여 기준액 × 체류개월 수 이상 금액 예치 잔고증명서) - 기타 점수제 평가에 필요한 서류",,"점수제 면제 대상자 서류 - 국내 대학 졸업 후 최초 구직자격 변경: 국내 정규 대학 전문학사 이상 학위증 (체재비 입증서류 면제; 사증발급은 졸업일로부터 1년 이내만 인정) - 한국어능력 우수자: 국내 정규 대학 학위증 + 사회통합프로그램 중간평가 합격증 또는 사전평가 점수표(81점 이상), TOPIK 4급 이상 유효 성적표 (체재비 면제) - 유망인재: 학위증 + THE/QS 세계 대학순위 200위 이내 대학 소명자료 + TOPIK 6급 유효 성적표 (체재비 면제) - 주한 공관 근무 인턴 직원: 인턴계약서 + 양국 공관 대사 추천서 (체재비 면제) 기술창업준비(D-10-2) - 공통서류 + 학사(국내 전문학사) 학위 이상 학력증명서 - 기술창업계획서 - 특허증·실용신안등록증·디자인등록증 사본 또는 특허 출원사실증명서 (해당자) - 창업이민종합지원시스템 교육과정 이수증 또는 교육참여 확인서 (해당자) - OECD 국가 지식재산권 보유 사실 확인 공적 서류 (해당자) - 체재비 입증서류",,신청관할: 자국 또는 거주 중인 국가(제3국) 소재 한국공관 (관광 등 단기간 일시적 체류 중인 국가는 원칙적 제외) 해외 발급 서류는 반드시 한글 또는 영어 번역 후 아포스티유 인증 또는 자국정부 공증,,"구직사증에 대한 복수사증발급협정이 체결된 국가 국민에게는 유효기간 2년, 체류기간 6월의 복수사증 발급",,체류기간 6개월 단수 (협정 체결국 국민은 유효기간 2년 체류기간 6월 복수),,,,,
102,high,document_like_row_outside_required_documents,공통/필수/기타서류 버킷 재분류,E-1,교수,visa_rule,E-1 교수 / 고급과학기술인력 사증발급인정서,사증발급인정서,요건,사증발급인정서,교육부장관의 추천을 받고 전문대학 이상의 교육기관에서 과학기술 분야의 교육·연구지도 활동에 종사하는 고급과학 기술인력,이공계 박사학위소지자 또는 이공계 석사학위 소지 + 해당분야 연구개발업무 3년 이상 종사자,,,- 사증발급인정신청서 (별지 제21호 서식) - 여권 - 표준규격사진 1매 - 고용계약서 또는 임용예정확인서 - 교육부장관의 '고급과학기술인력' 고용추천서 (경제자유구역 내 취업활동은 시·도지사 고용추천서 또는 고용 필요성 입증서류) - 초청기관 설립관련 서류 (사업자등록증 또는 법인등기사항전부증명서),"- BK21 관련 공문 사본 (해당자에 한함) - 대리인 신청시: 위임장, 대리인 재직증명서, 대리인 신분증",산업기술촉진법 등 관련법령에 따라 자연과학분야나 산업상의 고도산업기술을 개발하기 위해 전문대학 이상의 교육기관에서 연구하는 과학기술자는 연구(E-3)자격 해당,출입국·외국인청장이 발급한 사증발급인정서 또는 법무부장관 승인 발급 (중국 및 특정국가 국민은 사증발급인정서 의무),,학위증 및 경력증명서는 제출 면제 (고용추천과정에서 교과부 등이 사전검증 완료),,,,,,,
103,high,document_like_row_outside_required_documents,공통/필수/기타서류 버킷 재분류,E-1,교수,visa_rule,E-1 교수 / 전자사증,전자사증,대상,전자사증,,"전문인력(E-1, E-3, E-4, E-5, 첨단과학기술분야 고용추천서(GOLD CARD)를 발급받은 E-7)과 그 동반가족(F-3), 의료관광객 및 동반가족·간병인(C-3-3, G-1-10), 상용빈번출입국자(C-3-4), 단체관광객(C-3-2), 공익사업 투자예정자(C-3-1)","영사 인터뷰가 필요 없는 교수, 연구원 등 전문인력 및 지정 대상자",,,,,"1. 회원가입: 대한민국비자포털(www.visa.go.kr)에 회원가입 2. 신청사항 입력 및 첨부서류 등재 3. 수수료 납부 (해외사용 가능 신용카드, 미화 전자결제) 4. 초청기업 사증신청 확인 후 최종 전송 (또는 초청기업 대리신청)",,,출입국관리법 시행규칙 제71조에 따른 수수료 + 전자결제 이용수수료(3.3%) 별도,,,,전자사증 발급대상 및 절차,,
113,high,document_like_row_outside_required_documents,공통/필수/기타서류 버킷 재분류,E-3,연구,visa_rule,E-3 연구 / 고급과학 기술인력 사증발급인정서,사증발급인정서,요건,사증발급인정서,정부출연·국공립·기업부설 등 이공계 연구기관에서 자연과학분야 연구 또는 산업상 고도기술의 연구개발에 종사하고자 하는 자,,,,"- 사증발급인정신청서 (별지 제21호 서식) - 여권 - 표준규격사진 1매 - 고용기관 설립 관련 서류 - 고용계약서 또는 임용예정확인서 - 석사 학위 이상 학위증, 경력증명서 (해당자) - 과학기술정보통신부장관의 고용추천서",- 졸업예정증명서·학위수여 날짜 확인 증명서 (해당자) - 우수 학술논문 저자 입증자료 (해당자) - 대리인 신청시 추가 서류,과학기술정보통신부장관의 고용추천이 있는 이공계 연구기관 종사자,청장이 발급한 사증발급인정서 제출 또는 재외공관장이 법무부장관 승인 받아 발급 (중국·특정국가 국민은 사증발급인정서 필수),,,,"체류기간은 고용계약기간 범위 내 최장 5년, 복수사증 유효기간은 발급일로부터 체류기간과 동일",,,,,
114,high,document_like_row_outside_required_documents,공통/필수/기타서류 버킷 재분류,E-3,연구,visa_rule,E-3 연구 / 한·인도 사증절차간소화협정,사증발급인정서,대상,사증발급인정서,한·인도 사증절차간소화협정 관련 고용방문자(Employment visitor),"정당하게 등록된 회사·기관에 고용되거나 계약에 의해 기술전문가·임원·관리자 등 숙련된 기술 지위 종사·임용자 예시: 기업내 전근자, 계약서비스 공급자 또는 이를 지원하는 자, 독립전문가",,,"공통: 사증발급인정신청서 (별지 제21호 서식), 여권, 표준규격사진 1매 기업내 전근자: 파견명령서 및 1년 이상 재직증명서, 지사 또는 연락사무소 설치허가서 사본 계약서비스 공급자: 고용주 발행 재직증명서, 인도정부 발행 사업자등록증 등 회사 설립 관련 서류, 우리나라 회사와의 서비스 공급계약 체결 입증 서류 독립전문가: 고용계약서 또는 용역계약서 등 계약 입증 서류, 학위증·관련 자격증·1년 이상 해당 분야 취업경력 입증서류","대리인 신청시 위임장, 대리인 재직증명서, 대리인 신분증",,청(사무소·출장소)의 사증발급인정서에 의해 발급 (고용관련 사증은 복수사증이므로 전부 사증발급인정서 발급),,,,최초 체류기간 1년 (1년 단위 연장) 한·인도 문화·학술협정 등 정부 지정 기관/단체간 협약 입국: 5년 복수사증 (계약 5년 이내면 그 기간) 기타 취업·주재 목적: 3년 복수사증 (계약 3년 이내면 그 기간),,,,,
121,high,document_like_row_outside_required_documents,공통/필수/기타서류 버킷 재분류,E-6,예술흥행,visa_rule,E-6 예술흥행,사증발급,대상,,,"수익이 따르는 음악, 미술, 문학 등의 예술 활동 - 창작활동을 하는 작곡가, 화가, 조각가, 공예가, 저술가, 사진작가 등 - 음악·미술·문학·사진·연주·무용·영화·체육 등 예술 활동에 관한 지도자 (예: 프로 및 아마추어 스포츠 감독, 오케스트라 지휘자 등) 수익을 목적으로 하는 연예, 연주, 연극, 운동경기, 광고, 패션모델 등 흥행활동 - 출연형태·명목 불문 수익을 위한 개인 또는 단체 연예·연주·연극·운동자 (예: 프로 및 아마추어 스포츠 선수) - 스스로 출연하는 자뿐만 아니라 분장사, 매니저 등 동행자 포함 체류기간 90일 이하인 경우는 단기취업(C-4-5) 자격에 해당","E-6-1 (예술·연예): 음악·미술·문학 예술활동, 전문방송연기, 공연법상 전문 연예활동 (작곡가·화가·사진작가, 오케스트라 연주·지휘자, 광고·패션모델, 바둑기사, 방송인, 연예인, 연극인, 분장사 등) E-6-2 (호텔·유흥): 관광진흥법상 호텔업시설·유흥업소 등에서 공연·연예활동 (가요·연주자, 곡예·마술사 등). 국제회의시설 부대시설·공연법 등록 공연장 종사자 포함 E-6-3 (운동): 축구·야구·농구 등 프로 운동선수 및 동행 매니저 (프로선수, 프로팀 감독, 매니저 등)",,,,,,,체류기간 90일 이하인 경우 단기취업(C-4-5) 적용,,1회 부여 체류기간의 상한 2년,,,E-6 분류기호 (E-6-1 예술·연예 / E-6-2 호텔·유흥 / E-6-3 운동),"E-6-1 예술·연예: 작곡가·화가·사진작가, 오케스트라 연주·지휘자, 광고·패션모델, 바둑기사, 방송인, 연예인, 연극인, 분장사 E-6-2 호텔·유흥: 관광진흥법 호텔·유흥업소 공연·연예종사자, 가요·연주자, 곡예·마술사 E-6-3 운동: 프로 운동선수, 프로팀 감독, 매니저",
124,high,score_like_row_outside_score_table,점수표/배점 행인지 확인,E-7,특정활동,visa_rule,E-7 특정활동,사증발급,대상,,,대한민국 내의 공·사기관 등과의 계약에 따라 법무부장관이 특별히 지정하는 활동에 종사하려는 사람,"전문성 수준 및 국민대체성에 따라 4개 직군으로 구분 E-7-1 전문인력: 관리자 및 전문가 (67개 직종) E-7-2 준전문인력: 사무 및 서비스종사자 (10개 직종) E-7-3 일반기능인력: 기능원 및 관련기능종사자 (14개 직종) E-7-4 숙련기능인력(점수제): 17.8.1 신설, 3개 직종 (농림축산어업·제조·건설) E-7-91 FTA 독립전문가 E-7-S 네거티브 방식 전문인력 (고소득자, 첨단산업분야 종사자) E-7-Y 국내성장인력 (직종코드 9999) E-7-T 최우수인재 특정활동 (최우수인재 첨단산업분야)",,,,,,,,,"3년 (주무부처 추천 우수인재, 지역특화발전특구·첨단의료복합단지 내 E-7 종사자, 경제자유구역 의료연구개발기관 연구원은 5년)",,,"E-7 신 약호 구분표 (E-7-1~4, E-7-91, E-7-S, E-7-Y, E-7-T)","E-7-1: 전문인력, 관리자 및 전문가 67개 직종 E-7-2: 준전문인력, 사무·서비스종사자 10개 직종 E-7-3: 일반기능인력, 기능원 및 관련기능종사자 14개 직종 E-7-4: 숙련기능인력 점수제, 17.8.1 신설 3개 직종 E-7-91: FTA 독립전문가 E-7-S: 네거티브 방식 전문인력 E-7-Y: 국내성장인력 E-7-T: 최우수인재 특정활동",
125,high,document_like_row_outside_required_documents,공통/필수/기타서류 버킷 재분류,E-7,특정활동,visa_rule,E-7 특정활동 / 자격요건 일반,사증발급,요건,,,,,,,,"일반요건 (하나 이상 충족): - 도입직종과 연관성 있는 분야의 석사 이상 학위 소지 - 도입직종과 연관성 있는 학사학위 + 1년 이상 해당분야 경력 (학위·자격증 취득 이후 경력만 인정. 첨단기술 분야는 졸업 이전 인턴 경력 인정) - 도입직종과 연관성 있는 분야 5년 이상 근무경력 우대 특별요건: - 세계 500대 기업 1년 이상 전문직종 근무경력자: 학력·경력 미충족도 허용 - 세계 우수대학(타임 200/QS 500) 졸업(예정) 학사: 1년 경력요건 면제 - 국내 전문대학 졸업(예정)자: 전공 관련 직종 취업 시 경력 면제 - 국내 대학 졸업(예정) 학사 이상: 전공 무관, 학사 이상은 1년 경력 면제. 일/학습연계유학(D-2-7) 졸업자는 국민고용비율 적용 면제 - 주무부처 고용추천 첨단과학기술분야 우수인재: 강화된 기준 적용 - 첨단기술인턴(D-10-3) 1년 이상 활동 후 정식 취업, 임금 GNI 1배 이상: 학력·경력 면제 - 일본 CAIT/JITEC 소프트웨어개발기술자·기본정보기술자 자격증 소지 일본인: 자격기준 무관 사증발급인정서 발급 - 부처추천 전문능력 구비 우수인재: 연간 보수 GNI 1.5배 + 소관 중앙행정기관장 추천 → 전문인력 67개 직종 학력·경력 모두 면제 (최초 1년만, 연장 시 소득금액증명원 제출) - 고소득 전문직 우수인재: 연간 보수 GNI 3배 이상 → 직종 무관 학력·경력 면제, 주무부처 추천 불요 - 우수사설기관 연수 수료자(D-4-6, 20개월 이상) + 국내 공인 자격증 + 사회통합프로그램 4단계 이상: 자격변경 허용 (E-7-4 제외) - 해외 유망인재: 29세 이하 + 세계 우수대학(타임 200/QS 200) 졸업 또는 한국학 전공 + TOPIK 6급: 학위·경력 면제 - 아시아권 QS 1,000위 이내 현지대학 이공계 졸업생 (베트남·중국·태국·일본·인도·인도네시아·말레이시아·싱가포르·필리핀): 29세 이하 + 학사 이상 + TOPIK 2급 → 경력 면제 - 외국인 유학생 일학습병행제 이수자 (국내 전문학사 이상 + 관련 직종 취업): 경력 면제",,,,,,,,첨단과학기술인력 우대 고용추천 (골드카드),"골드카드 추천기관: 산업통상자원부(KOTRA), 시행연도 2000년 추천대상자 요건: 동종 5년 이상 경력, 또는 학사+1년 이상 경력, 또는 석사 이상 (국내 학위는 경력 불요) 추천대상 직종: IT, 기술경영, 나노, 디지털전자, 바이오, 수송 및 기계, 신소재, 환경 및 에너지 8개 분야",
126,high,document_like_row_outside_required_documents,공통/필수/기타서류 버킷 재분류,E-7,특정활동,visa_rule,E-7 특정활동 / 도입방법 및 신청절차,사증발급,절차,,,,,"피초청(외국인) 준비서류: 여권사본, 반명함판 칼라사진 1매, 고용계약서, 자격요건 입증서류(학위증, 경력증명서, 자격증 등). 국외 발급 서류는 국문/영문 번역본 첨부, 주요서류는 영사공증 또는 아포스티유 확인 초청인 준비서류: 고용단체 등 설립관련서류, 외국인 고용 필요성 입증서류(초청사유서, 고용추천서 등), 신원보증서(근무처변경·추가 신고 제한 직종 종사자만), 납세증명서(국세완납증명서), 지방세 납세증명",,,,"원칙: 기업이 외국인력을 발굴·검증·채용한 후 사증발급 또는 체류자격 변경허가 신청 → 법무부에서 결격여부 등 심사하여 허용여부 결정 뿌리산업체 숙련기능공 등: 비전문 취업자격자 등 자격변경 허용 + 뿌리산업 민관합동 전문가 기량검증 통과자 인재 POOL 구성 → 쿼터 내 선발(조선용접공 도입절차 준용) 고용추천서 면제 대상: 대학 및 공공기관 고용, 사기업 대기업 관리자 고용 전자고용추천시스템: 대한민국 비자포털(visa.go.kr) 운영",,,,,,,,,
131,high,document_like_row_outside_required_documents,공통/필수/기타서류 버킷 재분류,E-7,특정활동,visa_rule,E-7 특정활동 / 한·인도 사증절차간소화협정 독립전문가,사증발급인정서,대상,E-7-91,한·인도 CEPA 양허직종 인도 국적 독립전문가,인도 법인에 소속되지 않은 자영업자로서 우리나라의 법인 또는 개인과 서비스 공급계약을 체결하여 이행하기 위해 입국하는 독립전문가,,,"- 사증발급인정신청서 (별지 제21호 서식), 여권사본, 표준규격사진 1매 - 본인과 국내법인/개인사업자 간의 서비스공급 계약서 - 국내법인/개인사업자의 법인등기부등본 또는 사업자등록증 사본 - 납세사실증명서 - 학력입증서류, 경력입증서류 - 서비스공급의 필요성 입증서류 (활용계획서, 고용추천서 등) - 기타 직종별 첨부서류","대리인 신청 시 위임장, 대리인 재직증명서, 대리인 신분증 사본",한-인도 CEPA 전문가 양허직종(162개) 관련 학사 이상 학위 + 해당 분야 1년 이상 경력 (생물학자·생화학자는 박사학위 또는 동등 자격),,,,,,,,,,
132,high,document_like_row_outside_required_documents,공통/필수/기타서류 버킷 재분류,E-7,특정활동,visa_rule,E-7 특정활동 / 한·러 및 한·우즈벡 한시적 근로협정,사증발급인정서,대상,,,한·러 협정: 모회사와 회사 설립 문서(정관)에 따라 모회사가 직접/간접 통제하는 회사 집단(지사·지점·연락사무소·자회사·계열회사)의 직원으로 국내에서 채용된 사람 한·우즈벡 협정: 대한민국에서 상업활동을 수행하는 회사 대표사무소에서 한시적으로 근무하기 위해 국내에서 채용되는 전문인력인 우즈베키스탄 국민,,,,,"협정상 별도 자격기준 없음, 본 지침의 직종별 학력·경력요건 및 첨부서류 준용",,,,,,,,,,
133,high,document_like_row_outside_required_documents,공통/필수/기타서류 버킷 재분류,E-7,특정활동,restriction,E-7 특정활동 / 국민고용 보호를 위한 심사기준,사증발급,제한,,,,,,,,"국민고용 보호 일반 심사기준: - 고용업체 규모: 국민 고용자 5명 미만 + 내수 위주 업체는 원칙적 초청 제한. 고용인원은 고용보험가입자명부에 최저임금 충족 3개월 이상 등재 인원 (원칙적으로 개업 후 3개월 이후 신청 가능) - 고용업체 업종: 업종 특성별 별도 요건 충족 - 외국인 고용비율: 국민고용 보호 직종은 원칙적으로 국민고용자의 20% 범위 내 외국인 고용 허용 (E-7-4, E-8, E-9, E-10, H-2, F-2, F-4, F-5, F-6은 외국인 고용인원에서 제외. E-1~E-7-1~3은 포함) - 임금요건: 동종 직무 동일 경력 내국인 평균임금과 연계 ① 전문인력: 법무부 장관 확정·공고 임금요건 기준 ② 준전문·일반기능·숙련기능인력: 최저임금 이상 ③ 일부 직종(온라인쇼핑판매원, 양식기술자 등): 전년도 GNI 0.8배 이상 - 중소·벤처·비수도권 중견기업 특례: 전년도 GNI 80% 이상 임금 적용 직종 종사자, E-7 근무경력 없거나 3년 이하인 자 → 임금 요건 GNI 70% 이상으로 완화",,"전문인력 중 초청장 남발 우려 직종(기계공학 기술자, 제도사, 여행상품개발자, 해외영업원, 통·번역가 등)은 예외적으로 국민고용 보호 심사 기준 적용 준전문·일반기능·숙련기능인력은 고용업체 자격요건·업체당 외국인 고용허용 인원 상한·최저 임금요건 등 적용 총 국민고용자 20% 초과 E-7 외국인 고용 중인 업체는 신규/대체 인력 초청·자격변경·근무처변경·추가 원칙적으로 불허","체류자격외활동허가 또는 근무처추가로 파트타임 근무 시 적용 안 함 정부초청 장학생 일/학습연계유학(D-2-7) 졸업자: 전문/준전문/일반기능에 대해 국민고용비율·업체규모 적용 면제, 유사직종 폭넓게 허용 주한공관, 공공기관, 학교(대학 제외) 등 비영리기관 고용 전문인력 67개 직종: 임금요건 합리적 사유 입증 시 부분적 완화",,,국민고용 보호 직종은 국민고용자의 20% 범위 내,,"임금요건 심사 기준 (계약서, 세무서 발행 전년도 소득금액 증명, GNI 한국은행 공시 기준, 최저임금 고용노동부 공고 기준, 고용계약서에 월 급여총액 대비 근로시간 명시)",,
136,high,document_like_row_outside_required_documents,공통/필수/기타서류 버킷 재분류,E-7,특정활동,visa_rule,E-7-1 전문인력 / 관리자 직종 (1212~1522) 공통 심사기준,사증발급,요건,E-7-1,"직종코드 1212~1522 관리자 (경영지원, 교육, 보험금융, 문화·예술·디자인·영상, 정보통신, 기타 전문서비스, 건설·광업, 제품생산, 농림·축산·어업, 영업·판매, 운송, 숙박·여행·오락·스포츠, 음식서비스 관리자)",,,,,,"공통 심사기준: - 기업의 운영부서 현황, 독립성, 운영부서 일반직원 수, 관리자(외국인) 임금수준 등을 고려하여 심사 - 원칙적으로 본사 운영부서 관리자에 한함 - 대기업 종사 관리자는 고용추천서 징구 면제 (2007.12.5. 규제개혁 장관회의 결정) - 대기업/중소기업 구별은 중소기업기본법 시행령 제3조 및 별표 1 개별 직종 특례: - 경제이익단체 고위임원(S110), 기업 고위임원(1120): 기업 자율성 존중, 학력·경력요건 없음 - 교육 관리자(1312): 학사 이상 + 관련 법령 교사 자격 및 경력 + 소정 절차에 따라 채용 - 보험·금융관리자(1320): 학사+경력 미흡해도 금융위원회 추천 시 실질심사 후 허가 (도입 불가: 대부 관련업체) - 제품생산 관리자(1413) 국내복귀기업 특례: 산업통상부 선정 지원대상 국내복귀기업의 해외법인 근무 (학사 이상 6개월, 전문학사·기술자격증·수상경력·KOTRA KBC 경력확인 2년 이상), 업체당 고용허용인원은 내국인 피보험자(3개월 평균) 30% 이내 - 농림·축산·어업 관리자(14901) 농림기업 관리자: 별도요건(석사 이상 또는 학사+3년 경력) - 음식서비스 관리자(1522): 전국 10개 이상 지점 또는 프렌차이즈 운영 요건 - 운송 관리자(1512) 선박관리전문가 특례: 선장·기관장·1등 항해사·기관사 승선경력자 1년 이상, 2·3등 5년 이상. 업체 요건: 해양수산부 등록 + 최근 3년 연평균 관리선박 10척 이상 + 선원임금 제외 외화수입 100만불 또는 매출 10억원 이상. 업체당 기본요건 당 1명씩 최대 5명 - 숙박·여행·오락·스포츠 관리자(1521): 여행업체·관광레저사업체 관리자는 관광사업등록증 사본 추가 (도입 불가: 여관 관리자)",,영업소장 등 영업·판매 관리자 도입 불가,대기업 관리자는 고용추천서 면제,,,,,,,
138,high,document_like_row_outside_required_documents,공통/필수/기타서류 버킷 재분류,E-7,특정활동,visa_rule,E-7-2 준전문인력 / 직종별 세부심사 (10개 직종),사증발급,요건,E-7-2,사무종사자 및 서비스 종사자,,"사무종사자: 면세점·제주영어교육도시 판매 사무원(31215), 항공운송 사무원(31264), 호텔 접수 사무원(3922), 의료 코디네이터(S3922), 고객상담 사무원(3991) 서비스 종사자: 운송 서비스 종사자(431), 관광 통역 안내원(43213), 카지노 딜러(43291), 주방장 및 조리사(441), 요양보호사(42111)",,,,공통: 일반 요건 적용 + 임금요건 최저임금 이상 (일부는 GNI 0.8배 이상) 주방장 및 조리사(441): 외국인 요리사 별도 기준 (요리경연대회 입상 또는 자격증+경력 3~5년 또는 향토음식 경력 10년) 요양보호사(42111): 국내 전문학사 이상 + 요양보호사 자격증 + 한국어 (KIIP 3급 또는 사전평가 61점 또는 TOPIK 3급). 임금은 당해연도 최저임금 이상. 노인의료복지시설(장기요양기관지정서 기관기호 1)에서 근무. 시범운영기간 2024~2025년 연간 400명 한도 카지노 딜러: 별도 기준 관광 통역 안내원(43213): 관광통역안내사 자격증 필수 의료 코디네이터(S3922): 의료 관련 학위 + 한국어 능력,,,,,체류기간 상한 2년 단수사증,요양보호사 연간 400명 (2024~2025 시범운영). 일부 직종 업체당 국민고용 20% 이내,,주방장·조리사 외국인 요리사 추가 첨부서류 및 고용업체 기준 (안산 다문화마을·인천 차이나타운 특구 별도),,
139,high,document_like_row_outside_required_documents; score_like_row_outside_score_table,공통/필수/기타서류 버킷 재분류; 점수표/배점 행인지 확인,E-7,특정활동,visa_rule,E-7-3 일반기능인력 / 직종별 세부심사 (14개 직종),사증발급,요건,E-7-3,일반기능 분야 14개 직종 종사자,,,,,,"공통: 국내 체류 중 음주운전·폭행·절도 등 형사범죄경력 있을 시 사증발급인정서 발급 억제 동물사육사(61395): 일반 요건 적용, 국민고용 20% 한도 양식기술자(6301): 수산분야 학사 이상 또는 수산분야 전문학사+해당 양식기술 2년 이상 또는 5년 이상 경력. 해양수산부 등록업체. 임금 GNI 0.8배 이상. 도입 가능 품목: 해삼 외에 시범운영(어류·패류·갑각류·해조류·무척추동물). 1개 업체당 3명(시범운영 2명). 시범운영 2026.1.~2027.12. 연 200명 할랄 도축원(7103): 고등학교 이상 + 5년 이상 할랄 도축 경력 (자격증 소지자는 3년). KMF·해외 인증기관에서 할랄 도축장 인증 받은 업체. 매출 80억 이하 3명, 80억 초과 7명 이내 악기 제조·조율사(7303): 10년 이상 경력 조선 용접공(7406): 중급 이상 조선용접공 자격증 + 2년 이상 경력 + 현지 기량검증 통과. AWS·ASME·ISO·EN·국제선급협회 자격증. 조선업 전업률 50% 이상 + 매출 10억 + 상시근로자 10인 (소기업 면제) + 이탈자 없음. 국민고용 30% 이내. 임금 GNI 0.8배 (도입 3년차까지 2,515만원 완화). 사회통합프로그램 사전평가 21점 이상 또는 1단계 이수 또는 TOPIK 2급 선박 전기원(76212): 학사+1년 또는 전문학사+5년 경력. 기량검증 통과 시 경력 완화 (학사 면제, 전문학사 2년). 조선업체 GNI 0.8배 이상 선박 도장공(78369): 화학·화학공학·재료공학·조선공학·건축공학·자동차공학·기계공학 전문학사+5년 또는 학사+1년. 기량검증 통과 시 경력 완화 항공기 정비원(7521): 일반요건 적용, 국토교통부장관 고용추천 필수 항공기(부품) 제조원(S8417): 이공계 석사 이상 또는 이공계 학사+1년 또는 5년 경력. 매출 10억 + 상시근로자 10인 + 법 위반·이탈 없는 업체. 임금 GNI 0.8배. 시범운영 2024~2025 연 300명 송전 전기원(76231): 자격증+1년 또는 5년 경력. 기량검증 통과. 임금 월 350만원(연 4,200만원). 한국전력공사 송전공사 수주 건설업체. 시범운영 2024~2027 연 300명. 업체당 최대 30명 자동차 부품제조원(S85411): 이공계 학사 또는 전문학사+1년 또는 5년 경력 + 기량검증. 비수도권 300인 미만 사업장. 국민고용 30% 이내. 임금 GNI 0.7배. 시범운영 2025…",조선업 등 사회통합프로그램: 입국 후 1년 이내 KIIP 사전평가 21점+2단계 배정 또는 1단계 이수 또는 TOPIK 2급 (유학생 특례 적용 대상자 면제). 미충족 시 6개월씩 최대 1년 연장 근무처 변경: 휴·폐업·경영악화·고용계약 만료 등 외국인 귀책사유 없을 때만 허용,국내 체류 중 형사범죄경력 있을 시 발급 억제 동물사육사·항공기 정비원·일부 직종: 국민고용 20% 한도 자동차 부품제조원: 수도권(서울·경기·인천) 제외 비수도권 300인 미만 사업장만 허용 여러 직종에서 무단이탈자 발생 시 이탈일로부터 1~2년간 이탈 인원수 고용허용에서 공제,유학생 특례 (조선·항공기·자동차·건설기계 등): 국내 대학 이공계 전문학사 이상 + 산업통상부 장관 고용추천 시 경력요건 면제 또는 자격변경 허용 소기업 특례: 조선업 소기업은 상시근로자 10인 요건 면제 + 최소 5명 + 연매출 20억당 1명 추가,,체류기간 상한 2년 단수사증,"직종별 시범운영 연간 쿼터 (양식 200, 항공기 부품 300, 송전 300, 자동차 부품 100, 건설기계 100 등)",,,,
141,high,score_like_row_outside_score_table,점수표/배점 행인지 확인,E-7,특정활동,visa_rule,E-7-S 네거티브 방식 전문인력 비자,사증발급,대상,E-7-S,,E-7-S1 고소득자: 소득이 전년도 1인당 국민총소득(GNI)의 3배 이상인 전문인력. 학력·경력·분야에 관계없이 E-7 발급 E-7-S2 첨단산업분야 종사자: 산업발전법 제5조 첨단 기술분야 종사(예정) 전문인력. 점수 60점 이상 + GNI 1배 이상 + 첨단산업 분야 + 제한 직종 미취업,,,,,"E-7-S1: 소득 GNI 3배 이상 + 제한 직종(사무종사·단순노무·풍속 위반·국가안보 사유 제한) 미취업 E-7-S2: 점수 60점 이상 + 소득 GNI 1배 이상 + 첨단산업 분야(반도체·바이오·디스플레이·신재생에너지 등) + 제한 직종 미취업 첨단산업분야 인정 기준: 산업발전법 제5조 및 「첨단기술 및 제품의 범위」(산업통상자원부 고시 제2022-36호) 3,043개 첨단기술·제품과 정확히 일치하는 분야 (필요 시 산업통상자원부 '첨단기술·제품 확인서' 확인)",,"사무종사·단순노무 업종, 선량한 풍속 위반 업종, 국가안보 사유 제한 분야(뉴스통신사업자 대표이사 등)",국민고용 보호 심사 기준 비적용,,,,E-7-S2는 60점 이상 충족 필요,,,
142,high,score_like_row_outside_score_table,점수표/배점 행인지 확인,E-7,특정활동,exception,E-7-S / 거주(F-2) 및 영주(F-5) 자격변경 특례,체류자격 변경,예외,E-7-S,,"점수제 거주(F-2-7) 자격변경 특례: - 대상: E-7-S 자격으로 국내 1년 이상 체류 + 현재 정상적으로 취업 활동 중 - 요건: E-7-S2 점수제 요건(60점 이상) 충족 (E-7-S1은 소득만 확인) + 사회통합프로그램 3단계 이상 이수 또는 배정 - 내용: 점수제 거주(F-2-7) 점수제 요건 적용 면제 (단, 품행·취업제한분야 미종사 등 점수제 외 요건 적용) 점수제 영주(F-5-16) 자격변경 특례: - 대상: E-7-S에서 점수제 거주(F-2-7)로 자격 변경하여 국내 3년 이상 체류 + 현재 취업 중 - 요건: E-7-S1→F-2-7은 소득 요건(GNI 3배 이상) 충족, E-7-S2→F-2-7은 E-7-S2 점수제 요건(60점 이상) 충족 - 내용: E-7-S2→F-2-7 자격변경자 완화 생계유지 요건 적용 (GNI 2배→1배)",,,,,,,,F-2-7 점수제 요건 적용 면제 (E-7-S 자격자) F-5-16 영주 자격변경 시 생계유지 요건 완화 (E-7-S2→F-2-7),,,,,,,
144,high,score_like_row_outside_score_table; score_like_quota_row,점수표/배점 행인지 확인; 쿼터/인원 제한 행인지 확인,E-7,특정활동,quota,E-7-4 숙련기능인력 / K-point E74 쿼터 유형,체류자격 변경,쿼터,E-7-4,현재 1년 이상 근무 중인 기업에서 추천을 받은 자,,"기업 추천 개인트랙, 중앙부처 추천(고용부·산업부·농식품부·해수부·국토부), 광역지자체 추천, 탄력 배정 쿼터 대상자",,,,"기업 추천 개인트랙: 현재 1년 이상 근무 중인 기업의 추천을 받고 중앙부처·지자체 추천 없이 전환요건 점수 이상이면 신청 가능 추천 쿼터: 현재 1년 이상 근무 중인 기업 추천 + 중앙부처 또는 광역지자체 추천 광역지자체 추천: 1년 이상 해당 광역지자체 소재 기업 근무자, E-7-4 전환 후 2년 이상 해당 광역지자체에 체류지 유지 비수도권 특례 전환자는 4년 체류 요건과 상관없이 해당 업체 근무 및 의무 거주기간 3년",,,,,,탄력 배정 쿼터를 별도로 마련해 추가 배정이 필요한 분야에 탄력적으로 운영,,,,
145,high,document_like_row_outside_required_documents,공통/필수/기타서류 버킷 재분류,E-7,특정활동,visa_rule,E-7-4 숙련기능인력 / 신청 일정 및 방법,체류자격 변경,절차,E-7-4,,,,,,,,"일정: 연중 상시 접수 방법: 하이코리아 전자민원 온라인 접수 원칙(www.hikorea.go.kr 공지사항 참고) 신청 5부제: 출생 연도 끝자리에 따른 신청 요일 지정 - 끝자리 1·6: 월, 2·7: 화, 3·8: 수, 4·9: 목, 5·0: 금 고령자, 격오지, 첨부서류 과다자 등 관할기관장이 판단해 대면 접수가 불가피한 경우에만 예외적으로 대면 접수 허용 하이코리아 전자민원 신청 가능 시간: 평일 오전 7시~오후 10시 (문의 1345) 업로드 파일: 2MB 이하 jpg·bmp·png·tif·pdf, 증명사진은 95KB 이하 jpg",,,,,,,,,
146,high,score_like_row_outside_score_table,점수표/배점 행인지 확인,E-7,특정활동,visa_rule,E-7-4 숙련기능인력 / 신청 대상 외국인 요건,체류자격 변경,요건,E-7-4,"현재 E-9, E-10, H-2 자격으로 한국에 등록되어 정상 근로 중인 외국인 근로자",최근 10년간 E-9·E-10·H-2 자격으로 4년 이상 체류한 등록외국인으로 현재 근무처에서 정상 근로 중 비수도권(서울·경기·인천 제외)에서 3년 이상 체류 중인 자가 광역지자체 추천을 받은 경우 포함,,,,,"① 최근 10년간 E-9·E-10·H-2 자격으로 4년 이상 체류 + 현재 근무처에서 정상 근로 중 ② 현재 근무처에서 연봉 2,600만원 이상으로 향후 2년 이상 E-7-4 고용계약(농·축산업, 어업·내항상선 종사자는 2,500만원 이상) ③ 현재 1년 이상 근무 중인 기업의 추천(상시근로자 수의 20% 범위 내 추천, 현재 E-9·E-10 고용 기업은 최소 1명 추천 가능) ④ 점수제 총점 300점 중 가점 포함 최소 200점 이상(기본항목 평균소득·한국어능력 각각 50점 이상) 최근 2년 연간 평균소득 2,500만원 이상(농·축산·어업·내항상선 2,400만원 이상) 한국어능력: TOPIK 2급 또는 사회통합프로그램 2단계 이수 또는 사전평가 3단계 배정(41점) 이상 한국어 요건 한시적 유예(~2026.12.31.): 다른 요건 충족 시 최초 연장(2년)까지 보완 조건으로 유예 2년 내 한국어 미충족 시 가족초청 불가 및 이후 체류기간 6개월만 부여",,,,,,,"점수제 총점 300점 만점(가점 제외), 가점 포함 200점 이상 득점 필요",,,
149,high,document_like_row_outside_required_documents,공통/필수/기타서류 버킷 재분류,E-7,특정활동,visa_rule,E-7-4 숙련기능인력 / 행정 사항,체류자격 변경,기간,E-7-4,,,,,,,허가 내용: 체류자격 변경만 허용(신규 비자발급 대상 아님),,,,일반적인 자격변경 수수료 적용(전자민원 감면 포함),"1회 부여 체류기간 2년 이내(고용계약 범위 내) 잔여 여권 유효기간이 6개월 미만인 경우 1회에 한해 확인서 징구 후 여권 유효기간을 6개월로 간주하여 체류기간 부여(단, 고용계약기간은 2년 이상) 신원보증기간이 2년보다 짧으면 체류기간 2년 부여 불가 시행일: 2024.11.27.(수)",,,,,
151,high,document_like_row_outside_required_documents,공통/필수/기타서류 버킷 재분류,E-7,특정활동,visa_rule,E-7-4 숙련기능인력 / 추천 절차 안내,체류자격 변경,절차,E-7-4,,,,,,,,"중앙부처 추천: 고용기업 추천자 중 부처별 지정된 영역에 한해 추천 가능, 추천 명단을 주 단위로 법무부(체류관리과)에 공문 송부, 외국인은 별도 추천서 제출 없이 자체심사표에 추천 여부 표시 부처별 영역: 고용부·중기부 → 제조업, 산업부 → 뿌리산업·조선업, 농식품부 → 농축산업, 해수부 → 어업·내항상선, 국토부 → 건설업 광역지자체 추천: 1년 이상 해당 광역지자체 소재 기업에 근무 중인 외국인을 추천, E-7-4 전환 후 2년간 해당 광역지자체에 체류(비수도권 특례 전환자는 의무기간 3년) 17개 광역지자체 중 추천 희망 지자체가 추천(산하 기초지자체 추천 취합), 직종(영역) 상관없이 E-7-4 전환 가능 영역 추천 고용기업 추천: 현재 1년 이상 근무 중인 기업의 대표가 추천, 기업 직종(영역)에 맞게 추천, E-7-4 신청 시 추천서 및 추천자 신분증 사본 직접 제출",,,,,,,,,
159,high,document_like_row_outside_required_documents,공통/필수/기타서류 버킷 재분류,E-9,비전문취업,visa_rule,E-9 비전문취업 / 허용업종 및 체류자격 약호,사증발급인정서,요건,,,,,,,,"제조업(E-9-1): 상시근로자 300인 미만 또는 자본금 80억원 이하 제조업(중소기업확인서·뿌리기업확인서·중견기업확인서·U턴기업 선정확인서 제출 시 인정), 뿌리산업 포함 건설업(E-9-2): 모든 건설공사(발전소·제철소·석유화학 건설현장 중 건설면허가 산업환경 설비인 경우 적용 제외) 농축산업(E-9-3): 작물재배업, 축산업, 작물재배 및 축산관련 서비스업 어업(E-9-4): 연안어업·근해어업(20톤 미만 어선), 양식어업, 소금채취업 임업(E-9-9): 임업 종묘 생산업·육림업·벌목업·임업 관련 서비스업(산림사업시행업자·종묘생산업자 중 법인에 한함, 표준직업분류상 임업 단순 종사원 고용에 한함) 광업(E-9-10): 금속 광업, 비금속광물 광업(연간 생산량 15만톤 이상 채굴권·조광권 설정 업체에 한함, 광업 단순 종사원 고용에 한함) 서비스업(E-9-5): 건설폐기물 처리업, 냉장·냉동 창고업(내륙), 호텔·휴양콘도·호스텔업(서울·부산·강원·전북·경북·제주 한정, 건물 청소원·주방 보조원에 한함), 한식 음식점업(시범지역 한정), 재생용 재료수집 및 판매업, 서적·잡지 출판업, 음악 출판업, 폐기물 수집·운반·처리업, 음식료품 도매업, 택배업, 항공기하역업체, 식육 운반·택배서비스업체 한식 음식점업·호텔·숙박업·임업·광업은 2024년도 고용허가서 발급 시점 이후부터 사증발급인정서 발급 신청 가능",,,,,,,,,,
168,high,score_like_row_outside_score_table,점수표/배점 행인지 확인,F-2,거주,visa_rule,F-2 거주,사증발급,대상,,영주자격 부여받기 위해 국내 장기체류하려는 자,"국민의 미성년 외국인 자녀 또는 영주(F-5) 자격자의 배우자·미성년 자녀 국민과 혼인관계(사실혼 포함)에서 출생한 자로 법무부장관이 인정하는 자 난민의 인정을 받은 자 외국인투자가(미화 50만달러 이상 투자+D-8로 3년 이상 체류, 또는 외투기업 파견 임직원 3년 이상, 또는 30만달러 투자+국민 2명 이상 고용) 영주(F-5) 상실자 중 법무부장관이 인정한 자(강제퇴거자 제외) A-1~A-3 이외 자격으로 7년 이상 계속 체류(E-1~E-5, E-7은 5년) 국가·지방공무원 임용자 점수제 우수인재(나이·학력·소득 기준 충족) 부동산 등 자산 투자자 대한민국에 특별 기여한 자 인구감소지역 활성화 대상자",F-2 자격 해당자 11개 항목,,,,,,,,,5년,,,,,
182,high,document_like_row_outside_required_documents,공통/필수/기타서류 버킷 재분류,H-1,관광취업,visa_rule,H-1 관광취업 / 심사기준,사증발급,요건,,,협정국가 국민(난민·무국적자·영주권자는 제외) 뉴질랜드: 사증 신청 시 6개월 이상 거주 홍콩: 중화인민공화국 홍콩특별행정구 일반 거주자 대만: 호구등록되어 있을 것 미국: 고등교육 과정 재학 또는 최근 1년 이내 대학 졸업,,,,,"유효한 협정국 여권 소지(잔여 유효기간 신청 당시 6개월 이상) 사증발급 신청 시 18세 이상 30세 이하 (대만·포르투갈·아일랜드·아르헨티나 34세까지, 영국·캐나다 35세까지, 미국 연령기준 미적용) 중대한 범죄경력 없을 것(벌금 300만원 이상 선고 시 발급 불허) 신체 건강(공중위생상 위해 우려 시 불허) 체류기간 중 보장액 4,000만원 이상 의료보험 가입 부양가족 동반 불가 관광취업프로그램 참여 경험 없을 것(쿼터 무제한 국가 등 일부 예외) 왕복항공권 + 3개월 체류 가능 경비(한화 300만원 이상) 관광이 주된 목적일 것(취업·학업 전념·취재·정치활동 등 사증발급 제한)",,"취업 제한 직종: E-6 유흥접객업소(접객원·무용수·가수 등), 의사·변호사·교수 등 전문직 E-1~E-7, 사행행위·풍속영업·개인과외교습 등 청소년 출입·고용 금지 업소 학업 제한: D-2 유학 정규 학업과정, 회화강사 활동 겸한 학업","1주당 최대 취업가능시간: 캐나다 40시간, 그 외 25시간 국가별 취업기간: 이스라엘 3개월, 호주·이탈리아·벨기에 6개월, 덴마크 9개월, 캐나다·그 외 H-1 체류기간 국가별 학업기간: 호주 4개월, 캐나다·아일랜드·덴마크·홍콩·오스트리아·이스라엘·벨기에·뉴질랜드 6개월, 그 외 H-1 체류기간",상호주의에 따라 수수료 결정(일본·프랑스·칠레·홍콩·스페인은 면제),홍콩 H-1(복수) 유효기간 3개월/체류 1년 일본 H-1(단수) 1년/1년 미국 H-1(복수) 1년 6개월/1년 6개월 캐나다·영국 H-1(복수) 2년/2년 그 외 국가 H-1(복수) 1년/1년,"호주·독일·스웨덴·덴마크·네덜란드·기타 일부 무제한 캐나다 12,000, 일본 10,000, 영국 5,000, 뉴질랜드 3,000, 미국·프랑스 2,000, 스페인 1,000, 홍콩 1,000, 아일랜드 800, 대만 800, 이탈리아 500, 체코 300, 오스트리아 300, 폴란드 200, 포르투갈 200, 벨기에 200, 네덜란드 200, 아르헨티나 200, 이스라엘 200, 헝가리 100, 칠레 100, 안도라 50",,관광취업(H-1) 협정국별 사증·체류·쿼터 표,,
187,high,document_like_row_outside_required_documents,공통/필수/기타서류 버킷 재분류,H-2,방문취업,visa_rule,H-2 방문취업 / 신규 발급 중단,사증발급,제한,,동포 체류자격 통합으로 방문취업(H-2) 사증의 신규 발급 중단,,,,,,,26. 2. 12.부터 방문취업(H-2)과 재외동포(F-4)로 이원화된 동포 체류자격을 재외동포(F-4)로 통합 중국 및 CIS 지역 동포들에게도 재외동포(F-4) 사증 발급,방문취업(H-2) 사증의 신규 발급 중단(2026.2.12.부터) 다른 체류자격에서 방문취업(H-2) 자격으로 자격변경 불가,기존 방문취업(H-2) 사증을 받은 동포는 외국인 등록 시 체류기간 최대 3년 부여 일정 요건 충족 시 체류기간 연장 가능,,"외국인등록 시 최대 3년 (한국어능력 입증서류 제출 시), 미제출 시 1년",,,,,
188,high,document_like_row_outside_required_documents,공통/필수/기타서류 버킷 재분류,H-2,방문취업,visa_rule,H-2 방문취업 / 체류관리,체류기간 연장,요건,,기존 방문취업(H-2) 자격 소지자의 체류기간 연장 및 체류관리,고용부에서 '취업기간 만료자 취업활동 기간연장 확인서'를 받은 경우 입국일(또는 체류자격변경허가일)로부터 4년 10개월 내에서 허가 감염병 확산·천재지변 등 사유로 직권 연장 시 6년 이내 연장 가능,,,,,"한국어능력 입증서류 제출 시 체류기간 3년, 미제출 시 1년 결핵 진단 시 외국인 결핵환자 사증발급 및 체류관리 지침에 따라 처리",입국일로부터 90일 이내 체류지 관할 출입국·외국인청에 외국인등록 신고 외국인등록 시 법무부 지정 병원 발급 건강진단서 제출,"원칙적 기준: 초범은 범칙금 500만 원 이상, 재범은 최근 3년 이내 합산 700만 원 이상 시 체류 불허 후 출국 조치 최근 3년 이내 3회 이상 범칙금 처분 시 금액 무관 체류 불허 후 출국 조치 취업 목적 외 활동 시 범칙금 부과 가능 신고의무 위반 시 100만원 이하 과태료(출입국관리법 제100조제2항)",,,입국일로부터 최대 4년 10개월(직권 연장 시 6년),,,,,
189,high,document_like_row_outside_required_documents,공통/필수/기타서류 버킷 재분류,F-4,재외동포,visa_rule,F-4 재외동포 / 자격부여 제도,사증발급,대상,,외국국적동포에 대한 재외동포(F-4) 자격 부여,출생에 의하여 대한민국 국적을 보유하였던 사람(대한민국 정부 수립 전 국외 이주 동포 포함)으로 외국국적 취득자 위에 해당하는 사람의 직계비속으로 외국국적 취득자 F-4-41: 출생에 의해 대한민국 국적을 보유했던 자로 외국국적 취득자 F-4-42: F-4-41의 직계비속으로 외국국적 취득자,외국국적동포(중국·고려인 동포 포함),,,,,동포 체류자격(F-4) 통합에 따라 모든 국가에 동일한 기준 적용,"18.5.1. 개정 재외동포법 시행으로 18.5.1. 이후 최초로 대한민국 국적을 이탈·상실한 남성은 병역이행 또는 면제처분 없으면 40세 되는 해 12월 31일까지 F-4 부여 제한 재외동포법 제5조 제2항 제1호·제2호 해당자 국내 특정강력범죄, 사회적 중대범죄(마약·보이스피싱·상습음주운전 3회 이상) 금고 이상 형 선고자 기타 범죄로 금고 이상 형 또는 집행유예 선고 후 5년 미경과자 국내법 벌금 총액 700만 원 이상이며 완납일로부터 3년 미경과자 출입국관리법 범칙금 총액 700만 원 이상이며 완납일로부터 3년 미경과자(봉사실적 100시간 이상 시 1년으로 감경)",,,한국어능력 입증서류 제출기준 등에 따라 최대 3년까지,,,"재외동포(F-4) 사증발급 세부대상 및 추가서류 표(F-4-41, F-4-42)","F-4-41: 본인 국민이었던 사실 증명서류, 외국국적 취득원인·연월일 증명서류 F-4-42: 직계존속 국민이었던 증명서류, 본인·직계존속 외국국적 취득원인·연월일, 직계존비속 관계 증명서류(출생증명서 등)",
191,high,document_like_row_outside_required_documents,공통/필수/기타서류 버킷 재분류,F-4,재외동포,visa_rule,F-4 재외동포 / 취업활동 및 자격외 활동허가,체류자격외 활동허가,요건,,재외동포(F-4) 자격으로 변경한 동포가 과거 방문취업(H-2) 자격으로 취업개시 신고를 한 사업장에서 계속 일하려는 경우,방문취업(H-2)으로 체류하며 취업개시 신고 사실이 있는 동포,,"- 재외동포 통합신청서(별지 제1호서식), 여권 및 사본, 거소신고증, 수수료 - 단순노무 업종 취업사실 입증 공적서류(건강보험 가입내역, 소득금액증명원 등) - 근로계약서, 사업자등록증",,,,1회 부여기간은 재외동포(F-4) 자격 체류기간 범위 내에서 근로계약 기간에 따라 부여,"F-4 자격자 취업 제한: 단순노무행위, 사행행위 등 선량한 풍속·사회질서 반하는 행위, 공공이익·국내 취업질서 유지를 위해 제한 필요 인정 직종",상기 제한 외에는 취업활동 제한 없음 출입국관리정보시스템(ICRM)으로 확인되는 경우 일부 서류 제출 면제 가능,,재외동포(F-4) 자격 체류기간 범위 내 근로계약 기간,,,,,
198,high,document_like_row_outside_required_documents,공통/필수/기타서류 버킷 재분류,F-3,동반,visa_rule,F-3 동반 / 외국국적동포 가족 체류관리,외국인등록,절차,,재외동포·방문취업 동포 가족 동반(F-3)·방문동거(F-1) 자격 체류관리 절차,,,"- 여권, 통합신청서, 표준규격사진 1매, 가족관계입증서류, 수수료, 체류지 입증서류 등",,,,"외국인등록: 90일 이상 체류 시 입국일부터 90일 이내 외국인 등록 체류기간 연장: 주 체류자격자의 체류기간 범위 내에서 연장 체류자격 변경: 재외동포(F-4)·방문취업(H-2) 자격자 가족(배우자, 미성년 자녀, 부모) 대상, 사증발급이 원칙이며 국내 자격변경은 제한적 허용",,,,주 체류자격자의 체류기간 범위 내,,,,,
204,high,document_like_row_outside_required_documents,공통/필수/기타서류 버킷 재분류,F-2,거주,visa_rule,첨단분야 해외 인재 탑티어 / 전자사증 발급,전자사증,절차,최우수인재(Top-Tier),탑티어 비자 자격을 충족한 외국인 본인 또는 해당 인재를 고용하고자 하는 고용주,,,,,,,① 신청: 외국인 본인 또는 고용주가 대리하여 비자포털에서 전자사증 신청(기업 회원가입) ② 접수·심사: 사증발급 심사기준에 따라 전담기관(서울출입국·외국인청 우수인재·투자지원센터)이 사증 심사. 비대면 방식이므로 탑티어 요건·관계부처 추천 여부·제출서류 확인 등을 심사 ③ 사증발급: 심사결정 후 결과 통보 ④ 입국: 전자사증발급확인서 소지하고 입국 해외 범죄경력 심사: 공적 확인(아포스티유 첨부 또는 대한민국 재외공관 영사확인)을 받은 자국정부 발급 범죄경력증명서(접수일 기준 6개월 이내 발급),"자국 재외공관장이 발급한 범죄경력증명서는 원칙적으로 불허(단, 본국 정부의 확인을 거쳐 발급되었음이 명백하게 입증되는 경우 예외적 제출 허용)",,,,,,,,
205,high,document_like_row_outside_required_documents,공통/필수/기타서류 버킷 재분류,D-10,구직,visa_rule,최우수인재 구직(D-10-T),사증발급,대상,D-10-T,세계대학 순위 100위 이내 대학의 석사 이상 학위를 취득하고 국내 취업을 위해 연수나 구직활동을 하려는 사람,부처추천 불요 재외공관 사증신청 가능(전자사증 불가),,"신청서, 표준규격 사진, 여권 사본, 체류지 입증서류, 수수료 등",- 공통서류 - 구직활동 계획서 - 우수대학(본교) 졸업(예정)증명서,,,,,,,,,,,,
210,high,document_like_row_outside_required_documents,공통/필수/기타서류 버킷 재분류,F-5,영주,visa_rule,최우수인재 영주(F-5-T),체류자격 변경,대상,F-5-T,"최우수인재 거주(F-2) 자격으로 3년 이상 체류하며 연간 근로소득 1인당 GNI 3배 이상 및 사회통합프로그램 3단계 이상 이수한 자로, 법무부장관이 정한 요건을 모두 갖춘 사람",관할 출입국관서에 신청,,"신청서, 표준규격 사진, 여권 사본, 체류지 입증서류, 수수료 등","- 공통서류 - 고용계약서, 재직증명서, 소득금액증명원 - 납부내역증명, 납세증명서, 지방세 납세증명서(세금체납여부확인) - 사업자등록증 및 법인등기부등본 - 한국어 능력 입증서류(사회통합프로그램 3단계 이상 또는 한국어능력시험 TOPIK 3단계 이상)",개별 심사 과정에서 심사의 정확성과 효율성을 위해 규정된 서류 이외에 추가서류 제출을 요구할 수 있음,,,,,,,,,,,
213,high,document_like_row_outside_required_documents,공통/필수/기타서류 버킷 재분류,F-2,거주,visa_rule,K-STAR 비자트랙 / K-STAR 거주(F-2-7S),체류자격 변경,대상,F-2-7S,국가 재정으로 양성한 해외 과학기술분야 우수인재 유치와 유출방지를 위한 K-STAR(Korea-Science & Technology Advanced Human-Resources) 비자트랙 참여대학의 석·박사 취득자 등(사증발급 신청 대상 아님),"법무부장관 선정 K-STAR 비자트랙 참여대학(KAIST, DGIST, UNIST, GIST, UST 등 32개교)의 석·박사 학위 취득(예정)인 자로서 다음 요건 중 어느 하나에 해당: - 선정대학의 석사 학위 취득 예정자 또는 취득 후 1년 이내인 자 - 선정대학의 박사 학위과정 재학생·수료생 또는 박사학위 취득 후 1년 이내인 자(석·박사 통합과정생은 박사과정 재학 중인 경우 인정) - 선정대학에서 박사학위 취득 후 선정대학의 '박사후연구원(Postdoc)' 자격으로 과학기술분야 연구에 참여 중인 자",,"신청서, 여권, 외국인등록증, 사진, 수수료, 체류지 입증서류, 해외범죄경력증명서(연장은 6개월 이상 해외 체류 시에만 제출), 결핵 진단서(해당자), 대학 총장 추천서(발급일로부터 1년간 유효. 고려대 세종·연세대 미래·한양대 ERICA 캠퍼스는 부총장 명의의 추천서 가능)","- 공통서류 - 석·박사 학위 취득(예정)인 자: 학위취득(예정)증명서 또는 졸업(예정)증명서 - 석·박사 통합과정: 석사과정 수료를 확인할 수 있는 서류, 박사과정에 해당하는 통합과정 재학증명서 - 박사과정 수료생: 박사과정 수료증명서(학위취득증명서 제출 생략) - 박사후연구원: 박사과정 학위취득증명서 또는 졸업증명서, 지정대학의 공식 자격으로 박사후연구원으로서 연구에 참여 중임을 입증할 수 있는 서류",,"품행단정: 신청일로부터 5년 이내 금고 이상의 형(집행유예 포함)을 선고받은 사실 없음, 3년 이내 출입국관리법 3회 이상 위반(통고처분 합계 500만 원 이상) 또는 300만 원 이상 벌금형 없음, 허위서류 제출 없음, 입국금지 사유 없음, 특정강력범죄 등 외국에서의 형 선고 없음 등 취업활동: 신청일 이전 3년 이내 취업 제한 분야 취업 사실 없을 것, 신청일 이전 6개월 이내 국내 노동시장·사회경제 질서에 부정적 영향을 미칠 수 있는 직종에 취업한 사실 없을 것 공중보건: 결핵 등 전염병 없을 것",,,,,1회 3년 이내 부여(최장 5년 이내),대학별 인원 쿼터: 별도 제한 없음,,,,
215,high,document_like_row_outside_required_documents; score_like_row_outside_score_table,공통/필수/기타서류 버킷 재분류; 점수표/배점 행인지 확인,F-5,영주,visa_rule,K-STAR 영주(F-5-S1) / 자격요건,체류자격 변경,요건,F-5-S1,K-STAR 영주(F-5-S1)로 자격변경을 신청하는 사람,,,,"기본서류: 신청서, 여권, 외국인등록증, 수수료(수입인지), 체류지 입증서류, 해외범죄경력증명서, 신원보증서 추가서류: - 신청인이 해당하는 점수를 기재한 점수표 - 신청인이 기재한 평가 항목별 점수를 입증하는 서류",,"품행단정: 다음에 해당하는 경우 원칙적으로 영주자격으로 자격변경 불가 - 대한민국 법률 위반으로 금고 이상 실형 선고 후 형 종료·면제일부터 5년 미경과 - 금고 이상 형의 집행유예 선고 후 판결 확정일부터 5년 미경과 - 벌금형 납부일부터 3년 미경과 - 출입국관리법 제7조제1항·제4항, 제12조제1항·제2항 위반일부터 5년 미경과 - 최근 5년간 출입국관리법 3회 이상 위반(과태료 처분 제외) - 강제퇴거명령 출국일부터 7년 또는 출국명령 출국일부터 5년 미경과 - 최근 3년간 출입국관리법 위반 500만 원 이상 범칙금 또는 합산 700만 원 이상 - 벌금·추징금 등 미납(노역장 유치, 압류, 징수 등으로 납부의무 벗어난 후 3년 경과자 제외) - 외국에서 특정강력범죄, 협박, 공갈, 사기, 보이스피싱, 마약 범죄로 형 선고 또는 그 외 범죄로 금고 이상 형 선고 생계유지능력 및 기본소양: K-STAR 영주 점수제 항목의 '한국어능력' 및 '연간 소득' 항목 심사로 대체 준법시민교육: 영주(F-5) 자격 취득 예정자 중 국내법 위반 사실이 확인된 자(품행단정 결격사유자 제외)",,,,,,,,,,
217,high,document_like_row_outside_required_documents,공통/필수/기타서류 버킷 재분류,F-2,거주,common_rule,준법시민교육 (거주(F-2) 자격변경 및 연장 / 영주(F-5) 자격변경),공통사항,요건,준법시민교육,"2022년 7월부터 거주(F-2)자격 취득 및 연장 예정자, 영주(F-5)자격 취득 예정자 중 국내법 위반 사실이 확인된 자",,"거주(F-2) 자격변경 및 연장 허가 예정자 중 국내법 위반 사실이 확인된 자 - 자격변경 신청 시: 신청일로부터 10년 이내 위반 - 체류기간 연장 시: 신청일로부터 5년 이내 위반 영주(F-5) 자격변경 허가 예정자 중 신청일로부터 최근 10년 이내 국내법 위반 사실이 확인된 자 사건종결일(불기소처분일, 벌금 등 납부일)부터 위반기간 계산",,,,"교육이수 여부 확인: - 이민통합지원센터 업무담당자가 교육이수자에 대한 이수확인서 발급, ICRM 참고사항에 '준법시민교육 교육이수 완료' 기재 - 체류담당자는 반드시 '교육이수 완료' 확인 후 자격변경 및 연장 허가 지침 시행 후 준법시민교육 대상자가 최초 연장 신청한 경우 다음 연장 시까지 준법시민교육을 이수하도록 안내, 그 이후(2회부터) 법 위반사항 적발 시 준법시민교육 이수해야 연장 가능",교육신청: 사회통합정보망(www.socinet.go.kr)에서 온라인 신청,,교육 제외 대상(교육참여 불요): 1) 과거 '준법시민교육'을 이수한 자로서 추가 법위반 사실이 없는 자 2) 법 위반 횟수가 1회 이하이며 불기소처분 또는 100만 원 이하의 벌금·범칙금·과태료를 부과받은 자(처분·부과 면제 포함) 사건종결일부터 위반기간 계산하여 10년 경과(자격변경 신청자) 및 5년 경과(체류기간 연장 신청자) 시 제외,,,,,,,
218,high,document_like_row_outside_required_documents,공통/필수/기타서류 버킷 재분류,F-2,거주,common_rule,해외범죄경력증명서 제출기준,공통사항,제출서류,해외범죄경력증명서,"거주(F-2), 영주(F-5) 등 사증발급, 자격변경, 체류기간 연장 시 해외범죄경력증명서 제출이 필요한 외국인",,신청일 기준 최근 5년 이내 연속하여 6개월 이상 해외 체류 사실이 있는 경우 해당 체류국의 범죄경력증명서 제출(최근 5년 이내 6개월 이상 체류 국가가 2개 이상일 경우 모두 제출),,"발급 대상 국가에 소재하는 권한 있는 기관이 발급한 공적 문서로서 해당 국가에서의 모든 범죄경력이 포함되어야 함 - 아포스티유 협약 가입국가: 발급 국가의 아포스티유 확인 - 아포스티유 협약 미가입국가: 발급 국가 주재 대한민국 공관의 영사 확인 범죄경력증명서 원본과 공증된 번역본 제출(번역자 인적사항 및 연락처 기재, 신분증 사본 첨부)",,,,,"제출 면제 기준(개별 사안에 따라 징구 필요성이 인정되는 경우 제출 요구 가능): - 신청일 기준 만 14세 미만인 사람 - 대한민국 출생 또는 만 14세 미만에 입국하여 만 14세 이후 해외에서 6개월 이상 연속 체류하지 않은 사람 - 사증 발급 시 해외 범죄경력증명서를 제출하고 사증 발급일로부터 3개월 이내 국내에서 체류자격변경을 신청하는 사람 - 재외공관 사증발급 또는 국내 자격변경 시 범죄경력증명서를 제출한 사람으로서 국내 체류허가 기간 중 해외에서 6개월 이상 체류하지 않은 사람 - 신청일까지 국내에서 10년 이상 계속하여 합법 체류한 사람(6개월 이상 연속 해외 체류 사실 없을 것) - 해당 국가의 발급 제한 연령(예: 만 18세 미만 캐나다인) 또는 거주요건 미충족으로 발급이 어려운 사람(신청인이 발급기준 등 소명 필요) - 천재지변, 전쟁 등으로 발급 불가능하거나 그에 준하는 사정이 있다고 재외공관의 장 또는 출입국·외국인청장 등이 인정하는 사람",,발급일로부터 6개월 이내(발급일 이후 6개월 이상 해외 체류한 사실이 없는 경우 유효한 것으로 인정),,,,,
219,high,document_like_row_outside_required_documents,공통/필수/기타서류 버킷 재분류,F-5,영주,visa_rule,우수인재 특별귀화 평가기준 (국적법 시행령 제6조제2항),체류자격 변경,요건,우수인재 특별귀화,국적법 시행령 제6조제2항에 해당하는 우수인재로서 우수인재 평가기준 및 추천 등에 관한 고시(2024.4.12.)에 따라 특별귀화를 신청하는 사람,,"1. 저명인사: 전직 국가원수, 정부 수반, 각료급 이상, 국제기구 대표; 노벨상·퓰리처상·괴테상·공쿠르상·맨부커상·필즈상·튜링상·올림픽 동메달 이상 수상자 등 (소득요건 없음) 2. 학술분야 연구실적 우수자: 국내·외 4년제 대학 부교수 이상 1년 이상 재직, 최근 5년 이내 SCI/SSCI/A&HCI 등에 1편 이상 또는 KCI에 2편 이상 또는 권위 있는 학술대회에서 2회 이상 게재/발표 등 (소득요건 없음). 또는 패스트트랙 특례: 우수인재 패스트트랙 F-2(거주) → F-5(영주) 후 SCI/SSCI/A&HCI 3편 이상 또는 KCI 5편 이상 또는 국내·외 특허 등록 2편 이상 (소득요건 없음) 3. 문화·예술 분야 우수능력자: 국내·외 공신력 있는 단체 수상, 저명 협회 회원, 전문출판물 기사 게재, 국제 전시회 심사위원, 국제 권위 전시회 작품 전시·공연 등 2개 이상 충족 (일반외국인 GNI 2배, 외국국적동포 GNI 1.5배 또는 상업적 성공 입증서류) 4. 스포츠 분야 우수능력자: 국제 권위 체육행사 출전, 최근 3년 이내 개인전 3위·단체전 8강 입상, PGA/LPGA 20위 이내 등 2개 이상 충족 (일반외국인 GNI 2배, 외국국적동포 GNI 1.5배. 대한장애인체육회 회장 추천 우수인재(장애인)는 동포 기준 적용) 5. 국내·외 기업 근무자, 외투기업 근무자: 세계 300대 기업 3년 이상 근무 후 대기업 사내이사, 중견기업 사내이사, 상시근로자 100인 이상·자본금 80억 원 초과 국내 기업 사내이사 3년 이상, 3년간 대외수출 평균 500만 달러 이상 개인사업자/법인 대표, 외국인투자기업(50만 달러 이상) 대표이사 3년 이상 거주·납세 3억 원·국민 30명 이상 고용 등 (일반외국인 GNI 2배, 외국국적동포 GNI 1.5배) 6. 신산업분야·첨단기술 분야 근무자: 시스템반도체·바이오헬스·미래차·인공지능 등 신산업 분야 또는 신소재·IT·e-business·BT·NT·수송기계·환경에너지·디지털가전·융복합산업·소프트웨어 등 첨단기술 분야 2년 이상 경력 후 국내 기업·연구기관 고용 (외국국적동포는 1년 이상. 일반외국인 GNI 2배, 외국국적동포 GNI 1.5배) 7. 신산업분야·첨단기술·과학 등 분야 원천기술 보유자: 세계수준의 원천기술 보유 (소득요건 없음) 8. 국내·외 지식재산권 보유자: 특허권·실용신안권·디자인권 보유 및 총 소득 1억 원 이상 (소득요건 없음) 9. 전…",,,,,,,,,,,,"우수인재 특별귀화 평가기준 10개 분야(저명인사, 학술, 문화예술, 스포츠, 기업근무, 신산업·첨단기술, 원천기술, 지식재산권, 전문자격, 국제기구)",,
